freq_Hz,h_c
1.00000000e-05,7.02227320e-17
1.00577596e-05,6.92191738e-17
1.01158528e-05,6.82299609e-17
1.01742816e-05,6.72548881e-17
1.02330478e-05,6.62937534e-17
1.02921535e-05,6.53463574e-17
1.03516005e-05,6.44125038e-17
1.04113909e-05,6.34919991e-17
1.04715267e-05,6.25846523e-17
1.05320098e-05,6.16902753e-17
1.05928423e-05,6.08086829e-17
1.06540261e-05,5.99396922e-17
1.07155633e-05,5.90831230e-17
1.07774560e-05,5.82387979e-17
1.08397061e-05,5.74065418e-17
1.09023158e-05,5.65861821e-17
1.09652872e-05,5.57775488e-17
1.10286222e-05,5.49804743e-17
1.10923231e-05,5.41947934e-17
1.11563919e-05,5.34203431e-17
1.12208308e-05,5.26569629e-17
1.12856418e-05,5.19044946e-17
1.13508272e-05,5.11627822e-17
1.14163892e-05,5.04316720e-17
1.14823298e-05,4.97110123e-17
1.15486512e-05,4.90006538e-17
1.16153558e-05,4.83004492e-17
1.16824456e-05,4.76102535e-17
1.17499229e-05,4.69299234e-17
1.18177900e-05,4.62593181e-17
1.18860491e-05,4.55982983e-17
1.19547024e-05,4.49467273e-17
1.20237523e-05,4.43044698e-17
1.20932010e-05,4.36713927e-17
1.21630508e-05,4.30473648e-17
1.22333041e-05,4.24322568e-17
1.23039632e-05,4.18259411e-17
1.23750304e-05,4.12282921e-17
1.24465080e-05,4.06391858e-17
1.25183986e-05,4.00585001e-17
1.25907043e-05,3.94861148e-17
1.26634277e-05,3.89219110e-17
1.27365712e-05,3.83657719e-17
1.28101371e-05,3.78175821e-17
1.28841279e-05,3.72772282e-17
1.29585461e-05,3.67445979e-17
1.30333941e-05,3.62195810e-17
1.31086745e-05,3.57020685e-17
1.31843897e-05,3.51919533e-17
1.32605422e-05,3.46891295e-17
1.33371345e-05,3.41934929e-17
1.34141693e-05,3.37049409e-17
1.34916490e-05,3.32233721e-17
1.35695762e-05,3.27486867e-17
1.36479535e-05,3.22807862e-17
1.37267835e-05,3.18195738e-17
1.38060689e-05,3.13649538e-17
1.38858121e-05,3.09168320e-17
1.39660160e-05,3.04751155e-17
1.40466832e-05,3.00397126e-17
1.41278162e-05,2.96105333e-17
1.42094179e-05,2.91874884e-17
1.42914910e-05,2.87704903e-17
1.43740380e-05,2.83594526e-17
1.44570619e-05,2.79542901e-17
1.45405653e-05,2.75549187e-17
1.46245510e-05,2.71612558e-17
1.47090218e-05,2.67732196e-17
1.47939805e-05,2.63907298e-17
1.48794299e-05,2.60137071e-17
1.49653729e-05,2.56420733e-17
1.50518123e-05,2.52757514e-17
1.51387510e-05,2.49146655e-17
1.52261918e-05,2.45587407e-17
1.53141376e-05,2.42079032e-17
1.54025915e-05,2.38620803e-17
1.54915562e-05,2.35212004e-17
1.55810348e-05,2.31851927e-17
1.56710302e-05,2.28539877e-17
1.57615455e-05,2.25275166e-17
1.58525835e-05,2.22057118e-17
1.59441474e-05,2.18885067e-17
1.60362401e-05,2.15758353e-17
1.61288648e-05,2.12676331e-17
1.62220245e-05,2.09638359e-17
1.63157222e-05,2.06643810e-17
1.64099612e-05,2.03692061e-17
1.65047445e-05,2.00782502e-17
1.66000752e-05,1.97914529e-17
1.66959565e-05,1.95087548e-17
1.67923917e-05,1.92300972e-17
1.68893839e-05,1.89554225e-17
1.69869363e-05,1.86846737e-17
1.70850521e-05,1.84177946e-17
1.71837347e-05,1.81547299e-17
1.72829872e-05,1.78954252e-17
1.73828131e-05,1.76398267e-17
1.74832155e-05,1.73878814e-17
1.75841978e-05,1.71395370e-17
1.76857634e-05,1.68947421e-17
1.77879157e-05,1.66534460e-17
1.78906580e-05,1.64155986e-17
1.79939937e-05,1.61811507e-17
1.80979263e-05,1.59500537e-17
1.82024591e-05,1.57222596e-17
1.83075958e-05,1.54977212e-17
1.84133397e-05,1.52763920e-17
1.85196944e-05,1.50582262e-17
1.86266634e-05,1.48431785e-17
1.87342503e-05,1.46312043e-17
1.88424586e-05,1.44222597e-17
1.89512918e-05,1.42163014e-17
1.90607537e-05,1.40132867e-17
1.91708479e-05,1.38131735e-17
1.92815779e-05,1.36159204e-17
1.93929475e-05,1.34214864e-17
1.95049604e-05,1.32298313e-17
1.96176202e-05,1.30409154e-17
1.97309308e-05,1.28546995e-17
1.98448959e-05,1.26711449e-17
1.99595192e-05,1.24902137e-17
2.00748046e-05,1.23118684e-17
2.01907558e-05,1.21360719e-17
2.03073768e-05,1.19627879e-17
2.04246714e-05,1.17919805e-17
2.05426434e-05,1.16236141e-17
2.06612969e-05,1.14576541e-17
2.07806357e-05,1.12940658e-17
2.09006638e-05,1.11328156e-17
2.10213852e-05,1.09738698e-17
2.11428039e-05,1.08171956e-17
2.12649239e-05,1.06627606e-17
2.13877492e-05,1.05105326e-17
2.15112840e-05,1.03604802e-17
2.16355323e-05,1.02125722e-17
2.17604982e-05,1.00667781e-17
2.18861860e-05,9.92306751e-18
2.20125997e-05,9.78141075e-18
2.21397436e-05,9.64177844e-18
2.22676218e-05,9.50414163e-18
2.23962387e-05,9.36847180e-18
2.25255985e-05,9.23474084e-18
2.26557054e-05,9.10292103e-18
2.27865638e-05,8.97298506e-18
2.29181781e-05,8.84490598e-18
2.30505526e-05,8.71865727e-18
2.31836916e-05,8.59421275e-18
2.33175997e-05,8.47154664e-18
2.34522812e-05,8.35063352e-18
2.35877406e-05,8.23144832e-18
2.37239824e-05,8.11396635e-18
2.38610112e-05,7.99816327e-18
2.39988314e-05,7.88401507e-18
2.41374477e-05,7.77149809e-18
2.42768646e-05,7.66058903e-18
2.44170868e-05,7.55126490e-18
2.45581189e-05,7.44350304e-18
2.46999656e-05,7.33728111e-18
2.48426316e-05,7.23257712e-18
2.49861216e-05,7.12936936e-18
2.51304404e-05,7.02763644e-18
2.52755928e-05,6.92735728e-18
2.54215836e-05,6.82851110e-18
2.55684177e-05,6.73107742e-18
2.57160998e-05,6.63503605e-18
2.58646349e-05,6.54036708e-18
2.60140280e-05,6.44705091e-18
2.61642840e-05,6.35506818e-18
2.63154078e-05,6.26439984e-18
2.64674046e-05,6.17502711e-18
2.66202792e-05,6.08693146e-18
2.67740369e-05,6.00009464e-18
2.69286826e-05,5.91449866e-18
2.70842216e-05,5.83012577e-18
2.72406589e-05,5.74695850e-18
2.73979999e-05,5.66497961e-18
2.75562496e-05,5.58417211e-18
2.77154134e-05,5.50451927e-18
2.78754965e-05,5.42600458e-18
2.80365042e-05,5.34861176e-18
2.81984419e-05,5.27232479e-18
2.83613150e-05,5.19712785e-18
2.85251288e-05,5.12300536e-18
2.86898888e-05,5.04994198e-18
2.88556004e-05,4.97792255e-18
2.90222692e-05,4.90693215e-18
2.91899006e-05,4.83695609e-18
2.93585003e-05,4.76797985e-18
2.95280738e-05,4.69998915e-18
2.96986267e-05,4.63296989e-18
2.98701648e-05,4.56690821e-18
3.00426937e-05,4.50179040e-18
3.02162190e-05,4.43760297e-18
3.03907467e-05,4.37433263e-18
3.05662824e-05,4.31196627e-18
3.07428320e-05,4.25049097e-18
3.09204014e-05,4.18989398e-18
3.10989963e-05,4.13016276e-18
3.12786229e-05,4.07128494e-18
3.14592869e-05,4.01324830e-18
3.16409945e-05,3.95604084e-18
3.18237516e-05,3.89965069e-18
3.20075643e-05,3.84406618e-18
3.21924387e-05,3.78927578e-18
3.23783809e-05,3.73526816e-18
3.25653971e-05,3.68203212e-18
3.27534935e-05,3.62955662e-18
3.29426763e-05,3.57783081e-18
3.31329519e-05,3.52684396e-18
3.33243265e-05,3.47658552e-18
3.35168064e-05,3.42704507e-18
3.37103981e-05,3.37821234e-18
3.39051080e-05,3.33007723e-18
3.41009426e-05,3.28262976e-18
3.42979082e-05,3.23586010e-18
3.44960115e-05,3.18975857e-18
3.46952591e-05,3.14431562e-18
3.48956575e-05,3.09952182e-18
3.50972134e-05,3.05536791e-18
3.52999335e-05,3.01184473e-18
3.55038245e-05,2.96894328e-18
3.57088931e-05,2.92665466e-18
3.59151462e-05,2.88497012e-18
3.61225906e-05,2.84388102e-18
3.63312332e-05,2.80337885e-18
3.65410810e-05,2.76345523e-18
3.67521408e-05,2.72410187e-18
3.69644196e-05,2.68531064e-18
3.71779246e-05,2.64707350e-18
3.73926628e-05,2.60938252e-18
3.76086413e-05,2.57222991e-18
3.78258673e-05,2.53560796e-18
3.80443480e-05,2.49950909e-18
3.82640906e-05,2.46392583e-18
3.84851024e-05,2.42885081e-18
3.87073908e-05,2.39427676e-18
3.89309631e-05,2.36019652e-18
3.91558267e-05,2.32660303e-18
3.93819892e-05,2.29348934e-18
3.96094580e-05,2.26084859e-18
3.98382406e-05,2.22867401e-18
4.00683446e-05,2.19695896e-18
4.02997778e-05,2.16569685e-18
4.05325477e-05,2.13488122e-18
4.07666620e-05,2.10450568e-18
4.10021286e-05,2.07456394e-18
4.12389552e-05,2.04504981e-18
4.14771497e-05,2.01595717e-18
4.17167201e-05,1.98727999e-18
4.19576741e-05,1.95901235e-18
4.22000200e-05,1.93114838e-18
4.24437656e-05,1.90368232e-18
4.26889190e-05,1.87660847e-18
4.29354885e-05,1.84992125e-18
4.31834821e-05,1.82361510e-18
4.34329081e-05,1.79768461e-18
4.36837749e-05,1.77212438e-18
4.39360906e-05,1.74692913e-18
4.41898636e-05,1.72209365e-18
4.44451025e-05,1.69761280e-18
4.47018156e-05,1.67348149e-18
4.49600115e-05,1.64969475e-18
4.52196987e-05,1.62624763e-18
4.54808858e-05,1.60313530e-18
4.57435815e-05,1.58035296e-18
4.60077946e-05,1.55789591e-18
4.62735337e-05,1.53575948e-18
4.65408078e-05,1.51393910e-18
4.68096256e-05,1.49243025e-18
4.70799961e-05,1.47122848e-18
4.73519282e-05,1.45032939e-18
4.76254311e-05,1.42972867e-18
4.79005136e-05,1.40942206e-18
4.81771850e-05,1.38940533e-18
4.84554545e-05,1.36967436e-18
4.87353312e-05,1.35022506e-18
4.90168245e-05,1.33105341e-18
4.92999437e-05,1.31215542e-18
4.95846982e-05,1.29352721e-18
4.98710974e-05,1.27516490e-18
5.01591508e-05,1.25706470e-18
5.04488680e-05,1.23922287e-18
5.07402586e-05,1.22163570e-18
5.10333323e-05,1.20429957e-18
5.13280987e-05,1.18721088e-18
5.16245677e-05,1.17036610e-18
5.19227491e-05,1.15376174e-18
5.22226528e-05,1.13739436e-18
5.25242887e-05,1.12126059e-18
5.28276669e-05,1.10535707e-18
5.31327973e-05,1.08968053e-18
5.34396902e-05,1.07422771e-18
5.37483557e-05,1.05899542e-18
5.40588040e-05,1.04398050e-18
5.43710455e-05,1.02917986e-18
5.46850904e-05,1.01459043e-18
5.50009493e-05,1.00020919e-18
5.53186325e-05,9.86033160e-19
5.56381507e-05,9.72059415e-19
5.59595144e-05,9.58285063e-19
5.62827343e-05,9.44707252e-19
5.66078210e-05,9.31323176e-19
5.69347855e-05,9.18130065e-19
5.72636385e-05,9.05125190e-19
5.75943910e-05,8.92305861e-19
5.79270538e-05,8.79669427e-19
5.82616381e-05,8.67213275e-19
5.85981550e-05,8.54934827e-19
5.89366155e-05,8.42831545e-19
5.92770310e-05,8.30900925e-19
5.96194127e-05,8.19140500e-19
5.99637720e-05,8.07547838e-19
6.03101203e-05,7.96120542e-19
6.06584691e-05,7.84856248e-19
6.10088300e-05,7.73752627e-19
6.13612145e-05,7.62807384e-19
6.17156344e-05,7.52018255e-19
6.20721014e-05,7.41383009e-19
6.24306273e-05,7.30899448e-19
6.27912241e-05,7.20565403e-19
6.31539036e-05,7.10378739e-19
6.35186780e-05,7.00337349e-19
6.38855593e-05,6.90439157e-19
6.42545597e-05,6.80682118e-19
6.46256914e-05,6.71064214e-19
6.49989668e-05,6.61583457e-19
6.53743982e-05,6.52237888e-19
6.57519980e-05,6.43025574e-19
6.61317789e-05,6.33944612e-19
6.65137534e-05,6.24993125e-19
6.68979341e-05,6.16169263e-19
6.72843338e-05,6.07471202e-19
6.76729654e-05,5.98897144e-19
6.80638417e-05,5.90445318e-19
6.84569757e-05,5.82113977e-19
6.88523804e-05,5.73901400e-19
6.92500689e-05,5.65805890e-19
6.96500545e-05,5.57825773e-19
7.00523504e-05,5.49959402e-19
7.04569699e-05,5.42205151e-19
7.08639265e-05,5.34561418e-19
7.12732337e-05,5.27026623e-19
7.16849050e-05,5.19599211e-19
7.20989541e-05,5.12277647e-19
7.25153947e-05,5.05060419e-19
7.29342407e-05,4.97946036e-19
7.33555059e-05,4.90933028e-19
7.37792043e-05,4.84019948e-19
7.42053500e-05,4.77205367e-19
7.46339570e-05,4.70487878e-19
7.50650397e-05,4.63866094e-19
7.54986124e-05,4.57338647e-19
7.59346893e-05,4.50904190e-19
7.63732849e-05,4.44561394e-19
7.68144139e-05,4.38308950e-19
7.72580909e-05,4.32145567e-19
7.77043304e-05,4.26069971e-19
7.81531475e-05,4.20080910e-19
7.86045569e-05,4.14177146e-19
7.90585736e-05,4.08357462e-19
7.95152127e-05,4.02620655e-19
7.99744894e-05,3.96965542e-19
8.04364187e-05,3.91390956e-19
8.09010162e-05,3.85895746e-19
8.13682972e-05,3.80478779e-19
8.18382772e-05,3.75138936e-19
8.23109717e-05,3.69875115e-19
8.27863966e-05,3.64686232e-19
8.32645674e-05,3.59571214e-19
8.37455002e-05,3.54529007e-19
8.42292108e-05,3.49558571e-19
8.47157153e-05,3.44658880e-19
8.52050298e-05,3.39828923e-19
8.56971706e-05,3.35067705e-19
8.61921539e-05,3.30374244e-19
8.66899963e-05,3.25747571e-19
8.71907142e-05,3.21186733e-19
8.76943242e-05,3.16690789e-19
8.82008431e-05,3.12258811e-19
8.87102876e-05,3.07889887e-19
8.92226746e-05,3.03583116e-19
8.97380211e-05,2.99337609e-19
9.02563443e-05,2.95152492e-19
9.07776612e-05,2.91026902e-19
9.13019893e-05,2.86959988e-19
9.18293459e-05,2.82950912e-19
9.23597484e-05,2.78998849e-19
9.28932146e-05,2.75102984e-19
9.34297620e-05,2.71262514e-19
9.39694085e-05,2.67476647e-19
9.45121720e-05,2.63744605e-19
9.50580705e-05,2.60065617e-19
9.56071220e-05,2.56438927e-19
9.61593449e-05,2.52863787e-19
9.67147573e-05,2.49339461e-19
9.72733778e-05,2.45865223e-19
9.78352249e-05,2.42440358e-19
9.84003172e-05,2.39064160e-19
9.89686734e-05,2.35735934e-19
9.95403124e-05,2.32454996e-19
1.00115253e-04,2.29220670e-19
1.00693515e-04,2.26032289e-19
1.01275116e-04,2.22889199e-19
1.01860077e-04,2.19790751e-19
1.02448417e-04,2.16736309e-19
1.03040155e-04,2.13725243e-19
1.03635311e-04,2.10756935e-19
1.04233904e-04,2.07830774e-19
1.04835955e-04,2.04946157e-19
1.05441483e-04,2.02102491e-19
1.06050509e-04,1.99299192e-19
1.06663052e-04,1.96535683e-19
1.07279134e-04,1.93811396e-19
1.07898774e-04,1.91125771e-19
1.08521992e-04,1.88478255e-19
1.09148811e-04,1.85868304e-19
1.09779250e-04,1.83295382e-19
1.10413331e-04,1.80758960e-19
1.11051074e-04,1.78258516e-19
1.11692500e-04,1.75793538e-19
1.12337631e-04,1.73363518e-19
1.12986489e-04,1.70967957e-19
1.13639094e-04,1.68606363e-19
1.14295469e-04,1.66278251e-19
1.14955635e-04,1.63983144e-19
1.15619614e-04,1.61720569e-19
1.16287428e-04,1.59490062e-19
1.16959100e-04,1.57291165e-19
1.17634651e-04,1.55123427e-19
1.18314104e-04,1.52986403e-19
1.18997481e-04,1.50879654e-19
1.19684806e-04,1.48802749e-19
1.20376100e-04,1.46755260e-19
1.21071388e-04,1.44736768e-19
1.21770691e-04,1.42746858e-19
1.22474034e-04,1.40785124e-19
1.23181439e-04,1.38851162e-19
1.23892930e-04,1.36944576e-19
1.24608530e-04,1.35064974e-19
1.25328264e-04,1.33211973e-19
1.26052155e-04,1.31385191e-19
1.26780227e-04,1.29584255e-19
1.27512505e-04,1.27808795e-19
1.28249012e-04,1.26058448e-19
1.28989773e-04,1.24332856e-19
1.29734812e-04,1.22631664e-19
1.30484155e-04,1.20954525e-19
1.31237827e-04,1.19301095e-19
1.31995851e-04,1.17671035e-19
1.32758254e-04,1.16064013e-19
1.33525060e-04,1.14479698e-19
1.34296295e-04,1.12917767e-19
1.35071985e-04,1.11377901e-19
1.35852155e-04,1.09859784e-19
1.36636832e-04,1.08363106e-19
1.37426041e-04,1.06887561e-19
1.38219808e-04,1.05432847e-19
1.39018160e-04,1.03998667e-19
1.39821123e-04,1.02584727e-19
1.40628724e-04,1.01190740e-19
1.41440990e-04,9.98164187e-20
1.42257947e-04,9.84614841e-20
1.43079624e-04,9.71256590e-20
1.43906046e-04,9.58086706e-20
1.44737241e-04,9.45102501e-20
1.45573238e-04,9.32301324e-20
1.46414063e-04,9.19680563e-20
1.47259744e-04,9.07237642e-20
1.48110311e-04,8.94970025e-20
1.48965790e-04,8.82875207e-20
1.49826210e-04,8.70950724e-20
1.50691600e-04,8.59194145e-20
1.51561989e-04,8.47603072e-20
1.52437405e-04,8.36175143e-20
1.53317877e-04,8.24908031e-20
1.54203435e-04,8.13799441e-20
1.55094107e-04,8.02847110e-20
1.55989925e-04,7.92048807e-20
1.56890916e-04,7.81402336e-20
1.57797112e-04,7.70905529e-20
1.58708541e-04,7.60556250e-20
1.59625235e-04,7.50352395e-20
1.60547224e-04,7.40291889e-20
1.61474539e-04,7.30372684e-20
1.62407209e-04,7.20592767e-20
1.63345266e-04,7.10950148e-20
1.64288742e-04,7.01442869e-20
1.65237667e-04,6.92068999e-20
1.66192073e-04,6.82826635e-20
1.67151992e-04,6.73713899e-20
1.68117455e-04,6.64728943e-20
1.69088494e-04,6.55869944e-20
1.70065143e-04,6.47135104e-20
1.71047432e-04,6.38522652e-20
1.72035395e-04,6.30030843e-20
1.73029064e-04,6.21657954e-20
1.74028473e-04,6.13402290e-20
1.75033655e-04,6.05262179e-20
1.76044642e-04,5.97235971e-20
1.77061469e-04,5.89322043e-20
1.78084168e-04,5.81518792e-20
1.79112775e-04,5.73824641e-20
1.80147323e-04,5.66238032e-20
1.81187847e-04,5.58757432e-20
1.82234381e-04,5.51381328e-20
1.83286959e-04,5.44108232e-20
1.84345617e-04,5.36936673e-20
1.85410390e-04,5.29865203e-20
1.86481313e-04,5.22892395e-20
1.87558421e-04,5.16016842e-20
1.88641751e-04,5.09237158e-20
1.89731338e-04,5.02551974e-20
1.90827219e-04,4.95959944e-20
1.91929429e-04,4.89459739e-20
1.93038005e-04,4.83050050e-20
1.94152985e-04,4.76729587e-20
1.95274405e-04,4.70497077e-20
1.96402302e-04,4.64351266e-20
1.97536713e-04,4.58290918e-20
1.98677677e-04,4.52314816e-20
1.99825232e-04,4.46421757e-20
2.00979414e-04,4.40610559e-20
2.02140263e-04,4.34880054e-20
2.03307817e-04,4.29229092e-20
2.04482115e-04,4.23656539e-20
2.05663195e-04,4.18161279e-20
2.06851097e-04,4.12742209e-20
2.08045861e-04,4.07398244e-20
2.09247525e-04,4.02128313e-20
2.10456130e-04,3.96931361e-20
2.11671716e-04,3.91806349e-20
2.12894324e-04,3.86752251e-20
2.14123993e-04,3.81768058e-20
2.15360764e-04,3.76852772e-20
2.16604679e-04,3.72005413e-20
2.17855779e-04,3.67225013e-20
2.19114105e-04,3.62510618e-20
2.20379699e-04,3.57861288e-20
2.21652603e-04,3.53276096e-20
2.22932860e-04,3.48754129e-20
2.24220511e-04,3.44294486e-20
2.25515599e-04,3.39896280e-20
2.26818168e-04,3.35558637e-20
2.28128261e-04,3.31280692e-20
2.29445920e-04,3.27061598e-20
2.30771191e-04,3.22900516e-20
2.32104116e-04,3.18796619e-20
2.33444740e-04,3.14749095e-20
2.34793107e-04,3.10757141e-20
2.36149262e-04,3.06819966e-20
2.37513251e-04,3.02936790e-20
2.38885118e-04,2.99106844e-20
2.40264908e-04,2.95329373e-20
2.41652669e-04,2.91603629e-20
2.43048445e-04,2.87928875e-20
2.44452283e-04,2.84304388e-20
2.45864229e-04,2.80729451e-20
2.47284331e-04,2.77203361e-20
2.48712635e-04,2.73725422e-20
2.50149189e-04,2.70294950e-20
2.51594041e-04,2.66911269e-20
2.53047238e-04,2.63573716e-20
2.54508828e-04,2.60281634e-20
2.55978861e-04,2.57034376e-20
2.57457384e-04,2.53831306e-20
2.58944448e-04,2.50671796e-20
2.60440100e-04,2.47555227e-20
2.61944392e-04,2.44480988e-20
2.63457372e-04,2.41448480e-20
2.64979091e-04,2.38457108e-20
2.66509599e-04,2.35506288e-20
2.68048948e-04,2.32595446e-20
2.69597188e-04,2.29724013e-20
2.71154370e-04,2.26891429e-20
2.72720547e-04,2.24097144e-20
2.74295770e-04,2.21340614e-20
2.75880091e-04,2.18621304e-20
2.77473563e-04,2.15938684e-20
2.79076239e-04,2.13292235e-20
2.80688172e-04,2.10681444e-20
2.82309415e-04,2.08105804e-20
2.83940023e-04,2.05564819e-20
2.85580049e-04,2.03057996e-20
2.87229548e-04,2.00584851e-20
2.88888574e-04,1.98144907e-20
2.90557183e-04,1.95737694e-20
2.92235429e-04,1.93362748e-20
2.93923369e-04,1.91019612e-20
2.95621058e-04,1.88707835e-20
2.97328554e-04,1.86426975e-20
2.99045911e-04,1.84176592e-20
3.00773188e-04,1.81956256e-20
3.02510442e-04,1.79765541e-20
3.04257730e-04,1.77604030e-20
3.06015110e-04,1.75471308e-20
3.07782641e-04,1.73366968e-20
3.09560381e-04,1.71290611e-20
3.11348389e-04,1.69241839e-20
3.13146725e-04,1.67220263e-20
3.14955448e-04,1.65225500e-20
3.16774618e-04,1.63257170e-20
3.18604295e-04,1.61314900e-20
3.20444540e-04,1.59398323e-20
3.22295415e-04,1.57507076e-20
3.24156980e-04,1.55640802e-20
3.26029298e-04,1.53799148e-20
3.27912430e-04,1.51981768e-20
3.29806438e-04,1.50188318e-20
3.31711387e-04,1.48418463e-20
3.33627338e-04,1.46671870e-20
3.35554356e-04,1.44948211e-20
3.37492505e-04,1.43247164e-20
3.39441848e-04,1.41568409e-20
3.41402450e-04,1.39911634e-20
3.43374377e-04,1.38276530e-20
3.45357693e-04,1.36662792e-20
3.47352465e-04,1.35070119e-20
3.49358759e-04,1.33498216e-20
3.51376641e-04,1.31946791e-20
3.53406178e-04,1.30415556e-20
3.55447438e-04,1.28904229e-20
3.57500487e-04,1.27412529e-20
3.59565396e-04,1.25940183e-20
3.61642231e-04,1.24486918e-20
3.63731062e-04,1.23052467e-20
3.65831957e-04,1.21636567e-20
3.67944988e-04,1.20238958e-20
3.70070223e-04,1.18859384e-20
3.72207734e-04,1.17497593e-20
3.74357590e-04,1.16153336e-20
3.76519865e-04,1.14826368e-20
3.78694628e-04,1.13516449e-20
3.80881953e-04,1.12223339e-20
3.83081912e-04,1.10946804e-20
3.85294577e-04,1.09686613e-20
3.87520023e-04,1.08442538e-20
3.89758323e-04,1.07214355e-20
3.92009551e-04,1.06001843e-20
3.94273782e-04,1.04804782e-20
3.96551091e-04,1.03622959e-20
3.98841554e-04,1.02456161e-20
4.01145247e-04,1.01304180e-20
4.03462246e-04,1.00166809e-20
4.05792627e-04,9.90438467e-21
4.08136469e-04,9.79350922e-21
4.10493848e-04,9.68403489e-21
4.12864844e-04,9.57594224e-21
4.15249535e-04,9.46921216e-21
4.17647999e-04,9.36382578e-21
4.20060317e-04,9.25976451e-21
4.22486568e-04,9.15701005e-21
4.24926834e-04,9.05554433e-21
4.27381194e-04,8.95534957e-21
4.29849730e-04,8.85640823e-21
4.32332525e-04,8.75870303e-21
4.34829660e-04,8.66221694e-21
4.37341218e-04,8.56693318e-21
4.39867283e-04,8.47283520e-21
4.42407939e-04,8.37990670e-21
4.44963269e-04,8.28813162e-21
4.47533359e-04,8.19749412e-21
4.50118293e-04,8.10797858e-21
4.52718158e-04,8.01956965e-21
4.55333040e-04,7.93225214e-21
4.57963025e-04,7.84601113e-21
4.60608201e-04,7.76083190e-21
4.63268655e-04,7.67669992e-21
4.65944476e-04,7.59360091e-21
4.68635752e-04,7.51152077e-21
4.71342573e-04,7.43044560e-21
4.74065029e-04,7.35036173e-21
4.76803209e-04,7.27125565e-21
4.79557205e-04,7.19311408e-21
4.82327108e-04,7.11592390e-21
4.85113010e-04,7.03967221e-21
4.87915003e-04,6.96434628e-21
4.90733180e-04,6.88993355e-21
4.93567635e-04,6.81642167e-21
4.96418461e-04,6.74379846e-21
4.99285754e-04,6.67205190e-21
5.02169608e-04,6.60117016e-21
5.05070119e-04,6.53114158e-21
5.07987384e-04,6.46195466e-21
5.10921498e-04,6.39359806e-21
5.13872560e-04,6.32606064e-21
5.16840667e-04,6.25933137e-21
5.19825918e-04,6.19339942e-21
5.22828411e-04,6.12825410e-21
5.25848247e-04,6.06388486e-21
5.28885525e-04,6.00028133e-21
5.31940346e-04,5.93743327e-21
5.35012812e-04,5.87533059e-21
5.38103024e-04,5.81396337e-21
5.41211085e-04,5.75332178e-21
5.44337098e-04,5.69339620e-21
5.47481167e-04,5.63417708e-21
5.50643396e-04,5.57565506e-21
5.53823890e-04,5.51782089e-21
5.57022754e-04,5.46066545e-21
5.60240095e-04,5.40417977e-21
5.63476019e-04,5.34835500e-21
5.66730634e-04,5.29318241e-21
5.70004047e-04,5.23865339e-21
5.73296367e-04,5.18475949e-21
5.76607703e-04,5.13149233e-21
5.79938166e-04,5.07884370e-21
5.83287865e-04,5.02680547e-21
5.86656912e-04,4.97536964e-21
5.90045419e-04,4.92452834e-21
5.93453497e-04,4.87427378e-21
5.96881260e-04,4.82459831e-21
6.00328822e-04,4.77549439e-21
6.03796297e-04,4.72695457e-21
6.07283800e-04,4.67897150e-21
6.10791446e-04,4.63153798e-21
6.14319353e-04,4.58464686e-21
6.17867636e-04,4.53829112e-21
6.21436415e-04,4.49246384e-21
6.25025806e-04,4.44715820e-21
6.28635930e-04,4.40236746e-21
6.32266905e-04,4.35808499e-21
6.35918853e-04,4.31430427e-21
6.39591895e-04,4.27101883e-21
6.43286151e-04,4.22822234e-21
6.47001746e-04,4.18590852e-21
6.50738802e-04,4.14407122e-21
6.54497443e-04,4.10270433e-21
6.58277793e-04,4.06180188e-21
6.62079979e-04,4.02135793e-21
6.65904126e-04,3.98136667e-21
6.69750361e-04,3.94182234e-21
6.73618812e-04,3.90271929e-21
6.77509607e-04,3.86405192e-21
6.81422875e-04,3.82581474e-21
6.85358746e-04,3.78800232e-21
6.89317350e-04,3.75060931e-21
6.93298819e-04,3.71363042e-21
6.97303284e-04,3.67706047e-21
7.01330880e-04,3.64089433e-21
7.05381739e-04,3.60512694e-21
7.09455995e-04,3.56975332e-21
7.13553784e-04,3.53476855e-21
7.17675241e-04,3.50016780e-21
7.21820504e-04,3.46594629e-21
7.25989710e-04,3.43209930e-21
7.30182997e-04,3.39862221e-21
7.34400504e-04,3.36551043e-21
7.38642372e-04,3.33275945e-21
7.42908740e-04,3.30036481e-21
7.47199751e-04,3.26832215e-21
7.51515546e-04,3.23662712e-21
7.55856269e-04,3.20527546e-21
7.60222064e-04,3.17426297e-21
7.64613076e-04,3.14358551e-21
7.69029450e-04,3.11323897e-21
7.73471333e-04,3.08321934e-21
7.77938872e-04,3.05352264e-21
7.82432215e-04,3.02414494e-21
7.86951512e-04,2.99508239e-21
7.91496912e-04,2.96633116e-21
7.96068566e-04,2.93788750e-21
8.00666625e-04,2.90974771e-21
8.05291243e-04,2.88190812e-21
8.09942573e-04,2.85436514e-21
8.14620768e-04,2.82711520e-21
8.19325984e-04,2.80015481e-21
8.24058378e-04,2.77348050e-21
8.28818105e-04,2.74708887e-21
8.33605325e-04,2.72097655e-21
8.38420196e-04,2.69514023e-21
8.43262876e-04,2.66957664e-21
8.48133528e-04,2.64428254e-21
8.53032313e-04,2.61925476e-21
8.57959393e-04,2.59449016e-21
8.62914932e-04,2.56998565e-21
8.67899093e-04,2.54573818e-21
8.72912043e-04,2.52174472e-21
8.77953947e-04,2.49800232e-21
8.83024974e-04,2.47450804e-21
8.88125290e-04,2.45125900e-21
8.93255066e-04,2.42825235e-21
8.98414471e-04,2.40548526e-21
9.03603676e-04,2.38295498e-21
9.08822854e-04,2.36065877e-21
9.14072178e-04,2.33859393e-21
9.19351821e-04,2.31675779e-21
9.24661960e-04,2.29514773e-21
9.30002770e-04,2.27376117e-21
9.35374428e-04,2.25259554e-21
9.40777113e-04,2.23164834e-21
9.46211003e-04,2.21091706e-21
9.51676279e-04,2.19039926e-21
9.57173123e-04,2.17009252e-21
9.62701716e-04,2.14999445e-21
9.68262242e-04,2.13010270e-21
9.73854885e-04,2.11041494e-21
9.79479831e-04,2.09092888e-21
9.85137267e-04,2.07164225e-21
9.90827380e-04,2.05255284e-21
9.96550358e-04,2.03365843e-21
1.00230639e-03,2.01495685e-21
1.00809567e-03,1.99644596e-21
1.01391839e-03,1.97812365e-21
1.01977474e-03,1.95998782e-21
1.02566492e-03,1.94203643e-21
1.03158912e-03,1.92426743e-21
1.03754754e-03,1.90667883e-21
1.04354037e-03,1.88926864e-21
1.04956782e-03,1.87203492e-21
1.05563008e-03,1.85497574e-21
1.06172735e-03,1.83808919e-21
1.06785985e-03,1.82137341e-21
1.07402776e-03,1.80482654e-21
1.08023130e-03,1.78844676e-21
1.08647068e-03,1.77223226e-21
1.09274609e-03,1.75618127e-21
1.09905774e-03,1.74029203e-21
1.10540586e-03,1.72456281e-21
1.11179064e-03,1.70899190e-21
1.11821229e-03,1.69357762e-21
1.12467104e-03,1.67831830e-21
1.13116710e-03,1.66321229e-21
1.13770067e-03,1.64825798e-21
1.14427198e-03,1.63345376e-21
1.15088125e-03,1.61879807e-21
1.15752869e-03,1.60428933e-21
1.16421453e-03,1.58992601e-21
1.17093899e-03,1.57570660e-21
1.17770229e-03,1.56162958e-21
1.18450465e-03,1.54769350e-21
1.19134630e-03,1.53389688e-21
1.19822746e-03,1.52023829e-21
1.20514838e-03,1.50671630e-21
1.21210927e-03,1.49332951e-21
1.21911036e-03,1.48007654e-21
1.22615189e-03,1.46695602e-21
1.23323409e-03,1.45396660e-21
1.24035720e-03,1.44110694e-21
1.24752146e-03,1.42837574e-21
1.25472709e-03,1.41577170e-21
1.26197434e-03,1.40329353e-21
1.26926345e-03,1.39093997e-21
1.27659467e-03,1.37870977e-21
1.28396823e-03,1.36660171e-21
1.29138438e-03,1.35461456e-21
1.29884336e-03,1.34274713e-21
1.30634543e-03,1.33099823e-21
1.31389082e-03,1.31936669e-21
1.32147980e-03,1.30785136e-21
1.32911262e-03,1.29645110e-21
1.33678952e-03,1.28516479e-21
1.34451076e-03,1.27399131e-21
1.35227660e-03,1.26292957e-21
1.36008729e-03,1.25197849e-21
1.36794310e-03,1.24113699e-21
1.37584429e-03,1.23040404e-21
1.38379111e-03,1.21977858e-21
1.39178383e-03,1.20925959e-21
1.39982271e-03,1.19884605e-21
1.40790803e-03,1.18853697e-21
1.41604005e-03,1.17833136e-21
1.42421904e-03,1.16822824e-21
1.43244527e-03,1.15822666e-21
1.44071902e-03,1.14832565e-21
1.44904055e-03,1.13852429e-21
1.45741015e-03,1.12882165e-21
1.46582810e-03,1.11921681e-21
1.47429466e-03,1.10970888e-21
1.48281012e-03,1.10029696e-21
1.49137478e-03,1.09098017e-21
1.49998890e-03,1.08175765e-21
1.50865277e-03,1.07262854e-21
1.51736669e-03,1.06359200e-21
1.52613094e-03,1.05464720e-21
1.53494581e-03,1.04579330e-21
1.54381159e-03,1.03702949e-21
1.55272858e-03,1.02835499e-21
1.56169708e-03,1.01976898e-21
1.57071738e-03,1.01127070e-21
1.57978978e-03,1.00285937e-21
1.58891458e-03,9.94534228e-22
1.59809209e-03,9.86294524e-22
1.60732260e-03,9.78139516e-22
1.61660643e-03,9.70068472e-22
1.62594388e-03,9.62080670e-22
1.63533527e-03,9.54175396e-22
1.64478090e-03,9.46351947e-22
1.65428109e-03,9.38609627e-22
1.66383615e-03,9.30947752e-22
1.67344640e-03,9.23365643e-22
1.68311216e-03,9.15862634e-22
1.69283374e-03,9.08438065e-22
1.70261148e-03,9.01091284e-22
1.71244570e-03,8.93821650e-22
1.72233671e-03,8.86628529e-22
1.73228486e-03,8.79511295e-22
1.74229047e-03,8.72469329e-22
1.75235387e-03,8.65502024e-22
1.76247539e-03,8.58608776e-22
1.77265538e-03,8.51788992e-22
1.78289416e-03,8.45042086e-22
1.79319209e-03,8.38367479e-22
1.80354949e-03,8.31764600e-22
1.81396672e-03,8.25232886e-22
1.82444412e-03,8.18771780e-22
1.83498203e-03,8.12380732e-22
1.84558081e-03,8.06059201e-22
1.85624081e-03,7.99806652e-22
1.86696238e-03,7.93622556e-22
1.87774588e-03,7.87506392e-22
1.88859167e-03,7.81457645e-22
1.89950010e-03,7.75475807e-22
1.91047153e-03,7.69560376e-22
1.92150634e-03,7.63710857e-22
1.93260488e-03,7.57926760e-22
1.94376753e-03,7.52207604e-22
1.95499465e-03,7.46552912e-22
1.96628662e-03,7.40962212e-22
1.97764381e-03,7.35435041e-22
1.98906660e-03,7.29970939e-22
2.00055537e-03,7.24569452e-22
2.01211049e-03,7.19230134e-22
2.02373236e-03,7.13952542e-22
2.03542136e-03,7.08736241e-22
2.04717787e-03,7.03580797e-22
2.05900228e-03,6.98485786e-22
2.07089500e-03,6.93450787e-22
2.08285640e-03,6.88475383e-22
2.09488690e-03,6.83559164e-22
2.10698688e-03,6.78701724e-22
2.11915675e-03,6.73902661e-22
2.13139691e-03,6.69161580e-22
2.14370777e-03,6.64478088e-22
2.15608974e-03,6.59851798e-22
2.16854323e-03,6.55282326e-22
2.18106865e-03,6.50769294e-22
2.19366641e-03,6.46312327e-22
2.20633694e-03,6.41911055e-22
2.21908065e-03,6.37565111e-22
2.23189797e-03,6.33274134e-22
2.24478932e-03,6.29037763e-22
2.25775513e-03,6.24855644e-22
2.27079584e-03,6.20727426e-22
2.28391186e-03,6.16652761e-22
2.29710364e-03,6.12631304e-22
2.31037162e-03,6.08662715e-22
2.32371623e-03,6.04746656e-22
2.33713792e-03,6.00882792e-22
2.35063714e-03,5.97070792e-22
2.36421432e-03,5.93310328e-22
2.37786993e-03,5.89601073e-22
2.39160441e-03,5.85942705e-22
2.40541821e-03,5.82334904e-22
2.41931181e-03,5.78777352e-22
2.43328566e-03,5.75269734e-22
2.44734022e-03,5.71811739e-22
2.46147596e-03,5.68403055e-22
2.47569334e-03,5.65043374e-22
2.48999284e-03,5.61732392e-22
2.50437494e-03,5.58469804e-22
2.51884011e-03,5.55255309e-22
2.53338883e-03,5.52088607e-22
2.54802158e-03,5.48969400e-22
2.56273885e-03,5.45897391e-22
2.57754112e-03,5.42872287e-22
2.59242890e-03,5.39893794e-22
2.60740266e-03,5.36961621e-22
2.62246291e-03,5.34075478e-22
2.63761015e-03,5.31235076e-22
2.65284488e-03,5.28440128e-22
2.66816760e-03,5.25690346e-22
2.68357883e-03,5.22985447e-22
2.69907907e-03,5.20325147e-22
2.71466884e-03,5.17709161e-22
2.73034866e-03,5.15137208e-22
2.74611904e-03,5.12609006e-22
2.76198051e-03,5.10124275e-22
2.77793360e-03,5.07682734e-22
2.79397883e-03,5.05284106e-22
2.81011674e-03,5.02928110e-22
2.82634786e-03,5.00614468e-22
2.84267273e-03,4.98342904e-22
2.85909189e-03,4.96113139e-22
2.87560589e-03,4.93924897e-22
2.89221527e-03,4.91777901e-22
2.90892059e-03,4.89671875e-22
2.92572240e-03,4.87606542e-22
2.94262125e-03,4.85581628e-22
2.95961771e-03,4.83596856e-22
2.97671234e-03,4.81651950e-22
2.99390571e-03,4.79746636e-22
3.01119839e-03,4.77880637e-22
3.02859095e-03,4.76053679e-22
3.04608397e-03,4.74265485e-22
3.06367803e-03,4.72515781e-22
3.08137371e-03,4.70804291e-22
3.09917159e-03,4.69130739e-22
3.11707228e-03,4.67494851e-22
3.13507637e-03,4.65896349e-22
3.15318444e-03,4.64334959e-22
3.17139710e-03,4.62810404e-22
3.18971496e-03,4.61322410e-22
3.20813863e-03,4.59870699e-22
3.22666871e-03,4.58454995e-22
3.24530581e-03,4.57075023e-22
3.26405057e-03,4.55730506e-22
3.28290359e-03,4.54421168e-22
3.30186551e-03,4.53146732e-22
3.32093695e-03,4.51906922e-22
3.34011855e-03,4.50701461e-22
3.35941094e-03,4.49530074e-22
3.37881476e-03,4.48392483e-22
3.39833065e-03,4.47288412e-22
3.41795927e-03,4.46217585e-22
3.43770127e-03,4.45179726e-22
3.45755729e-03,4.44174559e-22
3.47752800e-03,4.43201807e-22
3.49761406e-03,4.42261195e-22
3.51781614e-03,4.41352447e-22
3.53813490e-03,4.40475289e-22
3.55857102e-03,4.39629446e-22
3.57912518e-03,4.38814642e-22
3.59979806e-03,4.38030604e-22
3.62059035e-03,4.37277059e-22
3.64150273e-03,4.36553733e-22
3.66253591e-03,4.35860353e-22
3.68369056e-03,4.35196648e-22
3.70496741e-03,4.34562346e-22
3.72636715e-03,4.33957177e-22
3.74789050e-03,4.33380871e-22
3.76953816e-03,4.32833158e-22
3.79131086e-03,4.32313770e-22
3.81320932e-03,4.31822441e-22
3.83523426e-03,4.31358903e-22
3.85738641e-03,4.30922891e-22
3.87966652e-03,4.30514141e-22
3.90207532e-03,4.30132390e-22
3.92461355e-03,4.29777376e-22
3.94728195e-03,4.29448838e-22
3.97008129e-03,4.29146516e-22
3.99301232e-03,4.28870153e-22
4.01607580e-03,4.28619491e-22
4.03927249e-03,4.28394275e-22
4.06260316e-03,4.28194252e-22
4.08606859e-03,4.28019169e-22
4.10966956e-03,4.27868775e-22
4.13340684e-03,4.27742822e-22
4.15728123e-03,4.27641062e-22
4.18129352e-03,4.27563250e-22
4.20544450e-03,4.27509141e-22
4.22973498e-03,4.27478494e-22
4.25416575e-03,4.27471069e-22
4.27873764e-03,4.27486628e-22
4.30345146e-03,4.27524934e-22
4.32830802e-03,4.27585754e-22
4.35330815e-03,4.27668856e-22
4.37845268e-03,4.27774009e-22
4.40374244e-03,4.27900987e-22
4.42917828e-03,4.28049562e-22
4.45476103e-03,4.28219513e-22
4.48049155e-03,4.28410617e-22
4.50637069e-03,4.28622657e-22
4.53239930e-03,4.28855416e-22
4.55857826e-03,4.29108679e-22
4.58490842e-03,4.29382235e-22
4.61139066e-03,4.29675875e-22
4.63802587e-03,4.29989391e-22
4.66481492e-03,4.30322581e-22
4.69175870e-03,4.30675241e-22
4.71885811e-03,4.31047172e-22
4.74611404e-03,4.31438178e-22
4.77352740e-03,4.31848064e-22
4.80109910e-03,4.32276639e-22
4.82883005e-03,4.32723713e-22
4.85672118e-03,4.33189101e-22
4.88477340e-03,4.33672619e-22
4.91298765e-03,4.34174085e-22
4.94136487e-03,4.34693321e-22
4.96990599e-03,4.35230151e-22
4.99861197e-03,4.35784403e-22
5.02748375e-03,4.36355905e-22
5.05652229e-03,4.36944491e-22
5.08572856e-03,4.37549995e-22
5.11510352e-03,4.38172255e-22
5.14464815e-03,4.38811111e-22
5.17436343e-03,4.39466407e-22
5.20425034e-03,4.40137989e-22
5.23430988e-03,4.40825705e-22
5.26454304e-03,4.41529407e-22
5.29495082e-03,4.42248949e-22
5.32553424e-03,4.42984187e-22
5.35629431e-03,4.43734983e-22
5.38723205e-03,4.44501197e-22
5.41834848e-03,4.45282694e-22
5.44964464e-03,4.46079344e-22
5.48112157e-03,4.46891016e-22
5.51278030e-03,4.47717583e-22
5.54462190e-03,4.48558922e-22
5.57664741e-03,4.49414910e-22
5.60885790e-03,4.50285430e-22
5.64125443e-03,4.51170365e-22
5.67383809e-03,4.52069602e-22
5.70660995e-03,4.52983030e-22
5.73957109e-03,4.53910542e-22
5.77272262e-03,4.54852031e-22
5.80606563e-03,4.55807396e-22
5.83960123e-03,4.56776535e-22
5.87333053e-03,4.57759352e-22
5.90725465e-03,4.58755751e-22
5.94137471e-03,4.59765641e-22
5.97569185e-03,4.60788930e-22
6.01020720e-03,4.61825533e-22
6.04492192e-03,4.62875364e-22
6.07983714e-03,4.63938342e-22
6.11495403e-03,4.65014386e-22
6.15027376e-03,4.66103420e-22
6.18579749e-03,4.67205368e-22
6.22152640e-03,4.68320159e-22
6.25746169e-03,4.69447724e-22
6.29360453e-03,4.70587993e-22
6.32995613e-03,4.71740904e-22
6.36651770e-03,4.72906392e-22
6.40329045e-03,4.74084399e-22
6.44027559e-03,4.75274867e-22
6.47747436e-03,4.76477740e-22
6.51488799e-03,4.77692965e-22
6.55251772e-03,4.78920492e-22
6.59036480e-03,4.80160273e-22
6.62843047e-03,4.81412261e-22
6.66671602e-03,4.82676413e-22
6.70522270e-03,4.83952688e-22
6.74395179e-03,4.85241046e-22
6.78290458e-03,4.86541451e-22
6.82208237e-03,4.87853867e-22
6.86148644e-03,4.89178263e-22
6.90111810e-03,4.90514609e-22
6.94097868e-03,4.91862875e-22
6.98106949e-03,4.93223037e-22
7.02139186e-03,4.94595071e-22
7.06194714e-03,4.95978956e-22
7.10273666e-03,4.97374671e-22
7.14376177e-03,4.98782201e-22
7.18502385e-03,5.00201529e-22
7.22652426e-03,5.01632642e-22
7.26826437e-03,5.03075531e-22
7.31024557e-03,5.04530185e-22
7.35246925e-03,5.05996599e-22
7.39493681e-03,5.07474768e-22
7.43764966e-03,5.08964688e-22
7.48060922e-03,5.10466360e-22
7.52381692e-03,5.11979784e-22
7.56727418e-03,5.13504965e-22
7.61098245e-03,5.15041908e-22
7.65494317e-03,5.16590619e-22
7.69915781e-03,5.18151109e-22
7.74362783e-03,5.19723389e-22
7.78835471e-03,5.21307473e-22
7.83333993e-03,5.22903375e-22
7.87858499e-03,5.24511113e-22
7.92409137e-03,5.26130706e-22
7.96986060e-03,5.27762176e-22
8.01589419e-03,5.29405545e-22
8.06219367e-03,5.31060839e-22
8.10876057e-03,5.32728084e-22
8.15559644e-03,5.34407309e-22
8.20270284e-03,5.36098545e-22
8.25008132e-03,5.37801825e-22
8.29773345e-03,5.39517183e-22
8.34566082e-03,5.41244656e-22
8.39386502e-03,5.42984282e-22
8.44234764e-03,5.44736100e-22
8.49111030e-03,5.46500154e-22
8.54015460e-03,5.48276487e-22
8.58948219e-03,5.50065145e-22
8.63909469e-03,5.51866175e-22
8.68899375e-03,5.53679627e-22
8.73918102e-03,5.55505553e-22
8.78965818e-03,5.57344005e-22
8.84042688e-03,5.59195039e-22
8.89148883e-03,5.61058711e-22
8.94284571e-03,5.62935081e-22
8.99449922e-03,5.64824208e-22
9.04645108e-03,5.66726156e-22
9.09870302e-03,5.68640988e-22
9.15125675e-03,5.70568771e-22
9.20411404e-03,5.72509573e-22
9.25727663e-03,5.74463464e-22
9.31074628e-03,5.76430515e-22
9.36452477e-03,5.78410799e-22
9.41861389e-03,5.80404393e-22
9.47301542e-03,5.82411374e-22
9.52773117e-03,5.84431819e-22
9.58276296e-03,5.86465812e-22
9.63811261e-03,5.88513433e-22
9.69378195e-03,5.90574768e-22
9.74977284e-03,5.92649904e-22
9.80608713e-03,5.94738928e-22
9.86272669e-03,5.96841932e-22
9.91969340e-03,5.98959006e-22
9.97698915e-03,6.01090246e-22
1.00346158e-02,6.03235747e-22
1.00925754e-02,6.05395606e-22
1.01508697e-02,6.07569924e-22
1.02095007e-02,6.09758802e-22
1.02684703e-02,6.11962343e-22
1.03277806e-02,6.14180654e-22
1.03874334e-02,6.16413840e-22
1.04474308e-02,6.18662011e-22
1.05077748e-02,6.20925279e-22
1.05684673e-02,6.23203757e-22
1.06295103e-02,6.25497558e-22
1.06909059e-02,6.27806802e-22
1.07526561e-02,6.30131605e-22
1.08147630e-02,6.32472090e-22
1.08772287e-02,6.34828379e-22
1.09400551e-02,6.37200597e-22
1.10032444e-02,6.39588870e-22
1.10667987e-02,6.41993328e-22
1.11307201e-02,6.44414101e-22
1.11950107e-02,6.46851322e-22
1.12596726e-02,6.49305126e-22
1.13247080e-02,6.51775650e-22
1.13901191e-02,6.54263033e-22
1.14559079e-02,6.56767416e-22
1.15220768e-02,6.59288942e-22
1.15886278e-02,6.61827755e-22
1.16555633e-02,6.64384004e-22
1.17228853e-02,6.66957838e-22
1.17905962e-02,6.69549407e-22
1.18586983e-02,6.72158866e-22
1.19271936e-02,6.74786370e-22
1.19960846e-02,6.77432077e-22
1.20653735e-02,6.80096148e-22
1.21350626e-02,6.82778743e-22
1.22051542e-02,6.85480028e-22
1.22756507e-02,6.88200169e-22
1.23465544e-02,6.90939335e-22
1.24178676e-02,6.93697697e-22
1.24895927e-02,6.96475428e-22
1.25617320e-02,6.99272704e-22
1.26342881e-02,7.02089702e-22
1.27072632e-02,7.04926602e-22
1.27806599e-02,7.07783586e-22
1.28544804e-02,7.10660840e-22
1.29287274e-02,7.13558549e-22
1.30034032e-02,7.16476904e-22
1.30785103e-02,7.19416096e-22
1.31540513e-02,7.22376319e-22
1.32300285e-02,7.25357769e-22
1.33064446e-02,7.28360645e-22
1.33833021e-02,7.31385148e-22
1.34606035e-02,7.34431481e-22
1.35383514e-02,7.37499852e-22
1.36165484e-02,7.40590467e-22
1.36951970e-02,7.43703539e-22
1.37742999e-02,7.46839281e-22
1.38538597e-02,7.49997908e-22
1.39338790e-02,7.53179639e-22
1.40143606e-02,7.56384696e-22
1.40953069e-02,7.59613301e-22
1.41767209e-02,7.62865681e-22
1.42586050e-02,7.66142065e-22
1.43409621e-02,7.69442685e-22
1.44237949e-02,7.72767773e-22
1.45071062e-02,7.76117567e-22
1.45908987e-02,7.79492307e-22
1.46751751e-02,7.82892233e-22
1.47599383e-02,7.86317592e-22
1.48451911e-02,7.89768630e-22
1.49309363e-02,7.93245597e-22
1.50171768e-02,7.96748748e-22
1.51039154e-02,8.00278336e-22
1.51911550e-02,8.03834622e-22
1.52788985e-02,8.07417866e-22
1.53671488e-02,8.11028332e-22
1.54559088e-02,8.14666289e-22
1.55451815e-02,8.18332004e-22
1.56349699e-02,8.22025752e-22
1.57252768e-02,8.25747808e-22
1.58161054e-02,8.29498451e-22
1.59074586e-02,8.33277963e-22
1.59993394e-02,8.37086628e-22
1.60917509e-02,8.40924734e-22
1.61846962e-02,8.44792571e-22
1.62781784e-02,8.48690434e-22
1.63722005e-02,8.52618619e-22
1.64667656e-02,8.56577426e-22
1.65618770e-02,8.60567158e-22
1.66575377e-02,8.64588121e-22
1.67537510e-02,8.68640624e-22
1.68505200e-02,8.72724980e-22
1.69478479e-02,8.76841505e-22
1.70457380e-02,8.80990517e-22
1.71441935e-02,8.85172339e-22
1.72432176e-02,8.89387296e-22
1.73428137e-02,8.93635716e-22
1.74429851e-02,8.97917932e-22
1.75437351e-02,9.02234279e-22
1.76450670e-02,9.06585095e-22
1.77469842e-02,9.10970723e-22
1.78494900e-02,9.15391508e-22
1.79525880e-02,9.19847799e-22
1.80562814e-02,9.24339949e-22
1.81605737e-02,9.28868312e-22
1.82654685e-02,9.33433249e-22
1.83709691e-02,9.38035122e-22
1.84770790e-02,9.42674298e-22
1.85838019e-02,9.47351146e-22
1.86911412e-02,9.52066041e-22
1.87991005e-02,9.56819359e-22
1.89076833e-02,9.61611481e-22
1.90168933e-02,9.66442792e-22
1.91267341e-02,9.71313680e-22
1.92372093e-02,9.76224537e-22
1.93483227e-02,9.81175758e-22
1.94600778e-02,9.86167743e-22
1.95724784e-02,9.91200896e-22
1.96855283e-02,9.96275623e-22
1.97992311e-02,1.00139234e-21
1.99135906e-02,1.00655145e-21
2.00286107e-02,1.01175338e-21
2.01442952e-02,1.01699855e-21
2.02606478e-02,1.02228739e-21
2.03776725e-02,1.02762034e-21
2.04953731e-02,1.03299781e-21
2.06137535e-02,1.03842026e-21
2.07328177e-02,1.04388812e-21
2.08525696e-02,1.04940184e-21
2.09730132e-02,1.05496188e-21
2.10941525e-02,1.06056868e-21
2.12159914e-02,1.06622271e-21
2.13385342e-02,1.07192444e-21
2.14617847e-02,1.07767432e-21
2.15857471e-02,1.08347283e-21
2.17104254e-02,1.08932046e-21
2.18358240e-02,1.09521766e-21
2.19619468e-02,1.10116495e-21
2.20887981e-02,1.10716279e-21
2.22163821e-02,1.11321170e-21
2.23447030e-02,1.11931216e-21
2.24737651e-02,1.12546467e-21
2.26035727e-02,1.13166976e-21
2.27341300e-02,1.13792792e-21
2.28654414e-02,1.14423968e-21
2.29975113e-02,1.15060555e-21
2.31303440e-02,1.15702606e-21
2.32639439e-02,1.16350175e-21
2.33983155e-02,1.17003314e-21
2.35334632e-02,1.17662078e-21
2.36693915e-02,1.18326521e-21
2.38061050e-02,1.18996699e-21
2.39436081e-02,1.19672666e-21
2.40819054e-02,1.20354478e-21
2.42210015e-02,1.21042193e-21
2.43609010e-02,1.21735867e-21
2.45016086e-02,1.22435557e-21
2.46431289e-02,1.23141321e-21
2.47854666e-02,1.23853218e-21
2.49286264e-02,1.24571307e-21
2.50726131e-02,1.25295647e-21
2.52174315e-02,1.26026298e-21
2.53630864e-02,1.26763321e-21
2.55095825e-02,1.27506776e-21
2.56569249e-02,1.28256725e-21
2.58051182e-02,1.29013231e-21
2.59541675e-02,1.29776356e-21
2.61040777e-02,1.30546162e-21
2.62548538e-02,1.31322715e-21
2.64065008e-02,1.32106078e-21
2.65590237e-02,1.32896315e-21
2.67124275e-02,1.33693493e-21
2.68667174e-02,1.34497676e-21
2.70218985e-02,1.35308933e-21
2.71779759e-02,1.36127329e-21
2.73349547e-02,1.36952932e-21
2.74928403e-02,1.37785811e-21
2.76516379e-02,1.38626035e-21
2.78113526e-02,1.39473672e-21
2.79719898e-02,1.40328793e-21
2.81335549e-02,1.41191468e-21
2.82960532e-02,1.42061768e-21
2.84594900e-02,1.42939766e-21
2.86238709e-02,1.43825533e-21
2.87892012e-02,1.44719143e-21
2.89554864e-02,1.45620669e-21
2.91227322e-02,1.46530186e-21
2.92909439e-02,1.47447767e-21
2.94601272e-02,1.48373490e-21
2.96302877e-02,1.49307429e-21
2.98014310e-02,1.50249662e-21
2.99735629e-02,1.51200267e-21
3.01466889e-02,1.52159320e-21
3.03208150e-02,1.53126902e-21
3.04959468e-02,1.54103090e-21
3.06720901e-02,1.55087966e-21
3.08492509e-02,1.56081610e-21
3.10274349e-02,1.57084104e-21
3.12066481e-02,1.58095529e-21
3.13868964e-02,1.59115969e-21
3.15681859e-02,1.60145506e-21
3.17505224e-02,1.61184226e-21
3.19339121e-02,1.62232212e-21
3.21183611e-02,1.63289551e-21
3.23038755e-02,1.64356329e-21
3.24904613e-02,1.65432633e-21
3.26781249e-02,1.66518550e-21
3.28668724e-02,1.67614169e-21
3.30567102e-02,1.68719580e-21
3.32476444e-02,1.69834872e-21
3.34396814e-02,1.70960136e-21
3.36328276e-02,1.72095464e-21
3.38270895e-02,1.73240947e-21
3.40224734e-02,1.74396680e-21
3.42189858e-02,1.75562754e-21
3.44166333e-02,1.76739266e-21
3.46154223e-02,1.77926311e-21
3.48153596e-02,1.79123984e-21
3.50164517e-02,1.80332383e-21
3.52187053e-02,1.81551605e-21
3.54221271e-02,1.82781750e-21
3.56267239e-02,1.84022915e-21
3.58325024e-02,1.85275203e-21
3.60394695e-02,1.86538713e-21
3.62476320e-02,1.87813548e-21
3.64569968e-02,1.89099810e-21
3.66675710e-02,1.90397604e-21
3.68793614e-02,1.91707033e-21
3.70923750e-02,1.93028203e-21
3.73066191e-02,1.94361220e-21
3.75221006e-02,1.95706191e-21
3.77388267e-02,1.97063225e-21
3.79568047e-02,1.98432429e-21
3.81760416e-02,1.99813915e-21
3.83965449e-02,2.01207792e-21
3.86183218e-02,2.02614173e-21
3.88413796e-02,2.04033170e-21
3.90657258e-02,2.05464897e-21
3.92913679e-02,2.06909467e-21
3.95183132e-02,2.08366997e-21
3.97465694e-02,2.09837602e-21
3.99761440e-02,2.11321401e-21
4.02070445e-02,2.12818511e-21
4.04392788e-02,2.14329053e-21
4.06728544e-02,2.15853145e-21
4.09077792e-02,2.17390910e-21
4.11440608e-02,2.18942470e-21
4.13817073e-02,2.20507948e-21
4.16207263e-02,2.22087469e-21
4.18611259e-02,2.23681157e-21
4.21029141e-02,2.25289141e-21
4.23460988e-02,2.26911546e-21
4.25906882e-02,2.28548503e-21
4.28366902e-02,2.30200139e-21
4.30841132e-02,2.31866587e-21
4.33329653e-02,2.33547978e-21
4.35832548e-02,2.35244445e-21
4.38349899e-02,2.36956122e-21
4.40881790e-02,2.38683145e-21
4.43428305e-02,2.40425649e-21
4.45989529e-02,2.42183772e-21
4.48565546e-02,2.43957653e-21
4.51156443e-02,2.45747432e-21
4.53762304e-02,2.47553249e-21
4.56383216e-02,2.49375247e-21
4.59019267e-02,2.51213569e-21
4.61670544e-02,2.53068360e-21
4.64337134e-02,2.54939765e-21
4.67019127e-02,2.56827932e-21
4.69716610e-02,2.58733008e-21
4.72429674e-02,2.60655143e-21
4.75158409e-02,2.62594488e-21
4.77902904e-02,2.64551195e-21
4.80663252e-02,2.66525417e-21
4.83439543e-02,2.68517309e-21
4.86231871e-02,2.70527026e-21
4.89040326e-02,2.72554726e-21
4.91865003e-02,2.74600567e-21
4.94705995e-02,2.76664710e-21
4.97563397e-02,2.78747314e-21
5.00437303e-02,2.80848544e-21
5.03327808e-02,2.82968562e-21
5.06235009e-02,2.85107535e-21
5.09159002e-02,2.87265628e-21
5.12099884e-02,2.89443010e-21
5.15057752e-02,2.91639850e-21
5.18032705e-02,2.93856320e-21
5.21024840e-02,2.96092592e-21
5.24034259e-02,2.98348839e-21
5.27061059e-02,3.00625237e-21
5.30105342e-02,3.02921963e-21
5.33167209e-02,3.05239195e-21
5.36246761e-02,3.07577114e-21
5.39344101e-02,3.09935899e-21
5.42459330e-02,3.12315735e-21
5.45592553e-02,3.14716806e-21
5.48743874e-02,3.17139297e-21
5.51913396e-02,3.19583396e-21
5.55101225e-02,3.22049293e-21
5.58307468e-02,3.24537178e-21
5.61532229e-02,3.27047244e-21
5.64775616e-02,3.29579684e-21
5.68037737e-02,3.32134695e-21
5.71318700e-02,3.34712474e-21
5.74618613e-02,3.37313219e-21
5.77937587e-02,3.39937132e-21
5.81275731e-02,3.42584414e-21
5.84633156e-02,3.45255271e-21
5.88009973e-02,3.47949907e-21
5.91406295e-02,3.50668531e-21
5.94822234e-02,3.53411352e-21
5.98257903e-02,3.56178581e-21
6.01713416e-02,3.58970431e-21
6.05188888e-02,3.61787117e-21
6.08684435e-02,3.64628856e-21
6.12200171e-02,3.67495866e-21
6.15736214e-02,3.70388367e-21
6.19292682e-02,3.73306581e-21
6.22869691e-02,3.76250734e-21
6.26467361e-02,3.79221050e-21
6.30085811e-02,3.82217758e-21
6.33725161e-02,3.85241088e-21
6.37385532e-02,3.88291272e-21
6.41067045e-02,3.91368543e-21
6.44769822e-02,3.94473137e-21
6.48493986e-02,3.97605292e-21
6.52239661e-02,4.00765249e-21
6.56006971e-02,4.03953248e-21
6.59796040e-02,4.07169535e-21
6.63606995e-02,4.10414355e-21
6.67439962e-02,4.13687956e-21
6.71295068e-02,4.16990589e-21
6.75172441e-02,4.20322507e-21
6.79072210e-02,4.23683963e-21
6.82994503e-02,4.27075216e-21
6.86939452e-02,4.30496523e-21
6.90907186e-02,4.33948147e-21
6.94897838e-02,4.37430350e-21
6.98911540e-02,4.40943399e-21
7.02948424e-02,4.44487561e-21
7.07008626e-02,4.48063108e-21
7.11092279e-02,4.51670311e-21
7.15199519e-02,4.55309445e-21
7.19330482e-02,4.58980788e-21
7.23485306e-02,4.62684621e-21
7.27664127e-02,4.66421224e-21
7.31867086e-02,4.70190882e-21
7.36094320e-02,4.73993883e-21
7.40345971e-02,4.77830516e-21
7.44622179e-02,4.81701073e-21
7.48923087e-02,4.85605849e-21
7.53248836e-02,4.89545140e-21
7.57599571e-02,4.93519247e-21
7.61975435e-02,4.97528470e-21
7.66376574e-02,5.01573116e-21
7.70803134e-02,5.05653491e-21
7.75255261e-02,5.09769906e-21
7.79733104e-02,5.13922672e-21
7.84236811e-02,5.18112107e-21
7.88766531e-02,5.22338527e-21
7.93322414e-02,5.26602253e-21
7.97904612e-02,5.30903610e-21
8.02513277e-02,5.35242923e-21
8.07148561e-02,5.39620522e-21
8.11810618e-02,5.44036739e-21
8.16499603e-02,5.48491908e-21
8.21215672e-02,5.52986368e-21
8.25958980e-02,5.57520460e-21
8.30729685e-02,5.62094526e-21
8.35527946e-02,5.66708913e-21
8.40353922e-02,5.71363972e-21
8.45207772e-02,5.76060054e-21
8.50089657e-02,5.80797515e-21
8.54999741e-02,5.85576715e-21
8.59938184e-02,5.90398014e-21
8.64905152e-02,5.95261779e-21
8.69900809e-02,6.00168376e-21
8.74925321e-02,6.05118177e-21
8.79978854e-02,6.10111557e-21
8.85061576e-02,6.15148893e-21
8.90173656e-02,6.20230567e-21
8.95315262e-02,6.25356962e-21
9.00486567e-02,6.30528466e-21
9.05687741e-02,6.35745471e-21
9.10918956e-02,6.41008370e-21
9.16180387e-02,6.46317560e-21
9.21472208e-02,6.51673445e-21
9.26794594e-02,6.57076426e-21
9.32147722e-02,6.62526914e-21
9.37531769e-02,6.68025320e-21
9.42946914e-02,6.73572058e-21
9.48393337e-02,6.79167547e-21
9.53871219e-02,6.84812211e-21
9.59380740e-02,6.90506475e-21
9.64922084e-02,6.96250768e-21
9.70495435e-02,7.02045524e-21
9.76100977e-02,7.07891181e-21
9.81738896e-02,7.13788179e-21
9.87409380e-02,7.19736963e-21
9.93112617e-02,7.25737982e-21
9.98848795e-02,7.31791688e-21
1.00461810e-01,7.37898538e-21
1.01042074e-01,7.44058992e-21
1.01625689e-01,7.50273515e-21
1.02212675e-01,7.56542574e-21
1.02803051e-01,7.62866643e-21
1.03396837e-01,7.69246197e-21
1.03994053e-01,7.75681718e-21
1.04594718e-01,7.82173691e-21
1.05198853e-01,7.88722603e-21
1.05806477e-01,7.95328949e-21
1.06417611e-01,8.01993226e-21
1.07032275e-01,8.08715936e-21
1.07650489e-01,8.15497585e-21
1.08272274e-01,8.22338683e-21
1.08897650e-01,8.29239746e-21
1.09526639e-01,8.36201293e-21
1.10159260e-01,8.43223847e-21
1.10795536e-01,8.50307938e-21
1.11435486e-01,8.57454099e-21
1.12079133e-01,8.64662866e-21
1.12726497e-01,8.71934782e-21
1.13377601e-01,8.79270395e-21
1.14032465e-01,8.86670256e-21
1.14691112e-01,8.94134921e-21
1.15353564e-01,9.01664952e-21
1.16019841e-01,9.09260916e-21
1.16689967e-01,9.16923382e-21
1.17363963e-01,9.24652928e-21
1.18041853e-01,9.32450134e-21
1.18723658e-01,9.40315586e-21
1.19409401e-01,9.48249876e-21
1.20099105e-01,9.56253600e-21
1.20792792e-01,9.64327359e-21
1.21490486e-01,9.72471760e-21
1.22192211e-01,9.80687415e-21
1.22897988e-01,9.88974941e-21
1.23607842e-01,9.97334960e-21
1.24321795e-01,1.00576810e-20
1.25039873e-01,1.01427500e-20
1.25762098e-01,1.02285629e-20
1.26488495e-01,1.03151262e-20
1.27219087e-01,1.04024463e-20
1.27953900e-01,1.04905299e-20
1.28692956e-01,1.05793836e-20
1.29436282e-01,1.06690140e-20
1.30183900e-01,1.07594278e-20
1.30935837e-01,1.08506319e-20
1.31692117e-01,1.09426331e-20
1.32452766e-01,1.10354382e-20
1.33217807e-01,1.11290543e-20
1.33987268e-01,1.12234884e-20
1.34761173e-01,1.13187476e-20
1.35539548e-01,1.14148390e-20
1.36322419e-01,1.15117698e-20
1.37109812e-01,1.16095473e-20
1.37901752e-01,1.17081788e-20
1.38698267e-01,1.18076717e-20
1.39499383e-01,1.19080336e-20
1.40305126e-01,1.20092719e-20
1.41115522e-01,1.21113942e-20
1.41930600e-01,1.22144081e-20
1.42750385e-01,1.23183215e-20
1.43574906e-01,1.24231420e-20
1.44404188e-01,1.25288776e-20
1.45238261e-01,1.26355362e-20
1.46077151e-01,1.27431258e-20
1.46920887e-01,1.28516544e-20
1.47769496e-01,1.29611301e-20
1.48623007e-01,1.30715613e-20
1.49481447e-01,1.31829561e-20
1.50344846e-01,1.32953230e-20
1.51213232e-01,1.34086702e-20
1.52086633e-01,1.35230064e-20
1.52965079e-01,1.36383401e-20
1.53848599e-01,1.37546800e-20
1.54737223e-01,1.38720346e-20
1.55630979e-01,1.39904130e-20
1.56529897e-01,1.41098239e-20
1.57434007e-01,1.42302762e-20
1.58343339e-01,1.43517790e-20
1.59257924e-01,1.44743415e-20
1.60177791e-01,1.45979727e-20
1.61102972e-01,1.47226819e-20
1.62033496e-01,1.48484785e-20
1.62969395e-01,1.49753720e-20
1.63910699e-01,1.51033717e-20
1.64857441e-01,1.52324873e-20
1.65809651e-01,1.53627285e-20
1.66767361e-01,1.54941051e-20
1.67730602e-01,1.56266267e-20
1.68699407e-01,1.57603035e-20
1.69673808e-01,1.58951454e-20
1.70653837e-01,1.60311624e-20
1.71639527e-01,1.61683648e-20
1.72630910e-01,1.63067629e-20
1.73628019e-01,1.64463669e-20
1.74630887e-01,1.65871875e-20
1.75639548e-01,1.67292350e-20
1.76654035e-01,1.68725202e-20
1.77674382e-01,1.70170537e-20
1.78700622e-01,1.71628464e-20
1.79732789e-01,1.73099093e-20
1.80770918e-01,1.74582532e-20
1.81815044e-01,1.76078893e-20
1.82865200e-01,1.77588288e-20
1.83921422e-01,1.79110831e-20
1.84983745e-01,1.80646634e-20
1.86052203e-01,1.82195813e-20
1.87126833e-01,1.83758485e-20
1.88207670e-01,1.85334765e-20
1.89294750e-01,1.86924771e-20
1.90388109e-01,1.88528624e-20
1.91487783e-01,1.90146442e-20
1.92593808e-01,1.91778347e-20
1.93706222e-01,1.93424461e-20
1.94825062e-01,1.95084907e-20
1.95950363e-01,1.96759809e-20
1.97082165e-01,1.98449293e-20
1.98220503e-01,2.00153485e-20
1.99365417e-01,2.01872513e-20
2.00516943e-01,2.03606504e-20
2.01675121e-01,2.05355590e-20
2.02839988e-01,2.07119900e-20
2.04011584e-01,2.08899566e-20
2.05189946e-01,2.10694723e-20
2.06375115e-01,2.12505503e-20
2.07567129e-01,2.14332043e-20
2.08766029e-01,2.16174479e-20
2.09971853e-01,2.18032949e-20
2.11184642e-01,2.19907592e-20
2.12404436e-01,2.21798548e-20
2.13631275e-01,2.23705958e-20
2.14865201e-01,2.25629966e-20
2.16106253e-01,2.27570714e-20
2.17354474e-01,2.29528349e-20
2.18609905e-01,2.31503017e-20
2.19872587e-01,2.33494864e-20
2.21142562e-01,2.35504041e-20
2.22419872e-01,2.37530697e-20
2.23704560e-01,2.39574984e-20
2.24996669e-01,2.41637055e-20
2.26296240e-01,2.43717064e-20
2.27603318e-01,2.45815167e-20
2.28917946e-01,2.47931520e-20
2.30240166e-01,2.50066281e-20
2.31570024e-01,2.52219611e-20
2.32907563e-01,2.54391670e-20
2.34252828e-01,2.56582620e-20
2.35605863e-01,2.58792626e-20
2.36966713e-01,2.61021853e-20
2.38335423e-01,2.63270467e-20
2.39712038e-01,2.65538636e-20
2.41096605e-01,2.67826530e-20
2.42489170e-01,2.70134320e-20
2.43889777e-01,2.72462178e-20
2.45298475e-01,2.74810279e-20
2.46715309e-01,2.77178798e-20
2.48140326e-01,2.79567912e-20
2.49573575e-01,2.81977799e-20
2.51015101e-01,2.84408640e-20
2.52464954e-01,2.86860617e-20
2.53923182e-01,2.89333912e-20
2.55389832e-01,2.91828710e-20
2.56864953e-01,2.94345199e-20
2.58348594e-01,2.96883566e-20
2.59840805e-01,2.99444000e-20
2.61341635e-01,3.02026694e-20
2.62851134e-01,3.04631839e-20
2.64369351e-01,3.07259632e-20
2.65896338e-01,3.09910267e-20
2.67432144e-01,3.12583944e-20
2.68976822e-01,3.15280862e-20
2.70530421e-01,3.18001223e-20
2.72092994e-01,3.20745229e-20
2.73664592e-01,3.23513087e-20
2.75245267e-01,3.26305002e-20
2.76835073e-01,3.29121184e-20
2.78434061e-01,3.31961842e-20
2.80042284e-01,3.34827190e-20
2.81659797e-01,3.37717440e-20
2.83286653e-01,3.40632810e-20
2.84922905e-01,3.43573517e-20
2.86568608e-01,3.46539781e-20
2.88223817e-01,3.49531823e-20
2.89888586e-01,3.52549866e-20
2.91562970e-01,3.55594138e-20
2.93247026e-01,3.58664864e-20
2.94940809e-01,3.61762274e-20
2.96644375e-01,3.64886600e-20
2.98357781e-01,3.68038075e-20
3.00081084e-01,3.71216935e-20
3.01814340e-01,3.74423416e-20
3.03557607e-01,3.77657760e-20
3.05310943e-01,3.80920206e-20
3.07074407e-01,3.84210999e-20
3.08848056e-01,3.87530386e-20
3.10631950e-01,3.90878612e-20
3.12426148e-01,3.94255930e-20
3.14230708e-01,3.97662591e-20
3.16045692e-01,4.01098850e-20
3.17871159e-01,4.04564963e-20
3.19707170e-01,4.08061189e-20
3.21553786e-01,4.11587790e-20
3.23411067e-01,4.15145028e-20
3.25279076e-01,4.18733171e-20
3.27157875e-01,4.22352484e-20
3.29047526e-01,4.26003240e-20
3.30948091e-01,4.29685711e-20
3.32859633e-01,4.33400171e-20
3.34782217e-01,4.37146898e-20
3.36715906e-01,4.40926173e-20
3.38660763e-01,4.44738277e-20
3.40616854e-01,4.48583495e-20
3.42584243e-01,4.52462114e-20
3.44562995e-01,4.56374424e-20
3.46553177e-01,4.60320717e-20
3.48554854e-01,4.64301289e-20
3.50568093e-01,4.68316435e-20
3.52592960e-01,4.72366457e-20
3.54629523e-01,4.76451656e-20
3.56677848e-01,4.80572338e-20
3.58738005e-01,4.84728811e-20
3.60810061e-01,4.88921384e-20
3.62894085e-01,4.93150372e-20
3.64990147e-01,4.97416089e-20
3.67098315e-01,5.01718855e-20
3.69218660e-01,5.06058991e-20
3.71351252e-01,5.10436821e-20
3.73496162e-01,5.14852671e-20
3.75653460e-01,5.19306873e-20
3.77823219e-01,5.23799757e-20
3.80005511e-01,5.28331661e-20
3.82200407e-01,5.32902921e-20
3.84407981e-01,5.37513881e-20
3.86628306e-01,5.42164883e-20
3.88861456e-01,5.46856276e-20
3.91107503e-01,5.51588410e-20
3.93366525e-01,5.56361638e-20
3.95638594e-01,5.61176316e-20
3.97923786e-01,5.66032804e-20
4.00222178e-01,5.70931465e-20
4.02533845e-01,5.75872665e-20
4.04858864e-01,5.80856772e-20
4.07197312e-01,5.85884159e-20
4.09549267e-01,5.90955201e-20
4.11914807e-01,5.96070277e-20
4.14294010e-01,6.01229769e-20
4.16686955e-01,6.06434062e-20
4.19093722e-01,6.11683544e-20
4.21514391e-01,6.16978608e-20
4.23949041e-01,6.22319649e-20
4.26397753e-01,6.27707066e-20
4.28860609e-01,6.33141262e-20
4.31337691e-01,6.38622641e-20
4.33829079e-01,6.44151613e-20
4.36334859e-01,6.49728591e-20
4.38855111e-01,6.55353992e-20
4.41389920e-01,6.61028236e-20
4.43939370e-01,6.66751745e-20
4.46503546e-01,6.72524948e-20
4.49082532e-01,6.78348276e-20
4.51676415e-01,6.84222163e-20
4.54285280e-01,6.90147049e-20
4.56909213e-01,6.96123374e-20
4.59548302e-01,7.02151587e-20
4.62202634e-01,7.08232136e-20
4.64872298e-01,7.14365476e-20
4.67557381e-01,7.20552064e-20
4.70257974e-01,7.26792363e-20
4.72974165e-01,7.33086839e-20
4.75706044e-01,7.39435961e-20
4.78453703e-01,7.45840204e-20
4.81217232e-01,7.52300045e-20
4.83996723e-01,7.58815967e-20
4.86792268e-01,7.65388457e-20
4.89603961e-01,7.72018005e-20
4.92431893e-01,7.78705107e-20
4.95276160e-01,7.85450260e-20
4.98136855e-01,7.92253970e-20
5.01014073e-01,7.99116744e-20
5.03907910e-01,8.06039094e-20
5.06818461e-01,8.13021537e-20
5.09745824e-01,8.20064595e-20
5.12690095e-01,8.27168793e-20
5.15651373e-01,8.34334662e-20
5.18629754e-01,8.41562737e-20
5.21625338e-01,8.48853557e-20
5.24638225e-01,8.56207667e-20
5.27668514e-01,8.63625615e-20
5.30716306e-01,8.71107956e-20
5.33781702e-01,8.78655249e-20
5.36864803e-01,8.86268055e-20
5.39965712e-01,8.93946945e-20
5.43084532e-01,9.01692491e-20
5.46221366e-01,9.09505271e-20
5.49376319e-01,9.17385869e-20
5.52549494e-01,9.25334873e-20
5.55740997e-01,9.33352877e-20
5.58950935e-01,9.41440479e-20
5.62179413e-01,9.49598282e-20
5.65426538e-01,9.57826897e-20
5.68692419e-01,9.66126937e-20
5.71977163e-01,9.74499021e-20
5.75280880e-01,9.82943776e-20
5.78603679e-01,9.91461830e-20
5.81945670e-01,1.00005382e-19
5.85306965e-01,1.00872039e-19
5.88687674e-01,1.01746218e-19
5.92087910e-01,1.02627985e-19
5.95507786e-01,1.03517406e-19
5.98947414e-01,1.04414546e-19
6.02406910e-01,1.05319474e-19
6.05886388e-01,1.06232255e-19
6.09385963e-01,1.07152960e-19
6.12905752e-01,1.08081656e-19
6.16445870e-01,1.09018412e-19
6.20006437e-01,1.09963299e-19
6.23587568e-01,1.10916387e-19
6.27189385e-01,1.11877748e-19
6.30812005e-01,1.12847453e-19
6.34455550e-01,1.13825573e-19
6.38120139e-01,1.14812184e-19
6.41805895e-01,1.15807357e-19
6.45512940e-01,1.16811168e-19
6.49241396e-01,1.17823692e-19
6.52991388e-01,1.18845003e-19
6.56763040e-01,1.19875178e-19
6.60556476e-01,1.20914294e-19
6.64371824e-01,1.21962429e-19
6.68209208e-01,1.23019661e-19
6.72068758e-01,1.24086069e-19
6.75950599e-01,1.25161732e-19
6.79854863e-01,1.26246730e-19
6.83781677e-01,1.27341146e-19
6.87731172e-01,1.28445059e-19
6.91703479e-01,1.29558554e-19
6.95698730e-01,1.30681712e-19
6.99717058e-01,1.31814618e-19
7.03758595e-01,1.32957357e-19
7.07823476e-01,1.34110013e-19
7.11911835e-01,1.35272673e-19
7.16023809e-01,1.36445423e-19
7.20159534e-01,1.37628351e-19
7.24319146e-01,1.38821545e-19
7.28502784e-01,1.40025095e-19
7.32710586e-01,1.41239090e-19
7.36942693e-01,1.42463620e-19
7.41199244e-01,1.43698778e-19
7.45480380e-01,1.44944655e-19
7.49786245e-01,1.46201345e-19
7.54116980e-01,1.47468941e-19
7.58472728e-01,1.48747538e-19
7.62853636e-01,1.50037231e-19
7.67259848e-01,1.51338116e-19
7.71691509e-01,1.52650292e-19
7.76148768e-01,1.53973854e-19
7.80631772e-01,1.55308904e-19
7.85140669e-01,1.56655539e-19
7.89675610e-01,1.58013860e-19
7.94236744e-01,1.59383970e-19
7.98824223e-01,1.60765970e-19
8.03438199e-01,1.62159963e-19
8.08078825e-01,1.63566054e-19
8.12746256e-01,1.64984347e-19
8.17440645e-01,1.66414949e-19
8.22162149e-01,1.67857965e-19
8.26910924e-01,1.69313504e-19
8.31687128e-01,1.70781675e-19
8.36490919e-01,1.72262586e-19
8.41322457e-01,1.73756349e-19
8.46181901e-01,1.75263075e-19
8.51069413e-01,1.76782877e-19
8.55985155e-01,1.78315867e-19
8.60929291e-01,1.79862161e-19
8.65901983e-01,1.81421874e-19
8.70903398e-01,1.82995122e-19
8.75933700e-01,1.84582022e-19
8.80993058e-01,1.86182694e-19
8.86081638e-01,1.87797256e-19
8.91199609e-01,1.89425829e-19
8.96347142e-01,1.91068534e-19
9.01524407e-01,1.92725495e-19
9.06731575e-01,1.94396835e-19
9.11968820e-01,1.96082679e-19
9.17236314e-01,1.97783152e-19
9.22534234e-01,1.99498381e-19
9.27862754e-01,2.01228495e-19
9.33222052e-01,2.02973622e-19
9.38612304e-01,2.04733894e-19
9.44033691e-01,2.06509440e-19
9.49486391e-01,2.08300395e-19
9.54970586e-01,2.10106890e-19
9.60486457e-01,2.11929062e-19
9.66034188e-01,2.13767047e-19
9.71613962e-01,2.15620980e-19
9.77225965e-01,2.17491002e-19
9.82870382e-01,2.19377251e-19
9.88547401e-01,2.21279868e-19
9.94257211e-01,2.23198995e-19
1.00000000e+00,2.25134776e-19
