f_Hz,Sn_Hz^-1
1e-05,1.9724925649269094e-27
1.0057759593016343e-05,1.9055111894432264e-27
1.0115852803091209e-05,1.840804527843407e-27
1.0174281557183189e-05,1.778295325888265e-27
1.0233047793380827e-05,1.717908953153445e-27
1.0292153460967076e-05,1.659573313913536e-27
1.0351600520483776e-05,1.6032187610533241e-27
1.0411390943796867e-05,1.5487780129026848e-27
1.0471526714161644e-05,1.4961860728964547e-27
1.0532009826288597e-05,1.4453801519628489e-27
1.0592842286409654e-05,1.3962995935479076e-27
1.0654026112344566e-05,1.3488858011866636e-27
1.0715563333568019e-05,1.3030821685340532e-27
1.0777455991276773e-05,1.2588340117725742e-27
1.0839706138457544e-05,1.2160885043154391e-27
1.090231583995495e-05,1.1747946137277301e-27
1.0965287172540072e-05,1.1349030407898547e-27
1.1028622224979398e-05,1.0963661606306946e-27
1.1092323098103957e-05,1.0591379658602738e-27
1.1156391904879185e-05,1.023174011633692e-27
1.1220830770474828e-05,9.884313625811508e-28
1.1285641832335617e-05,9.548685415402715e-28
1.1350827240252012e-05,9.224454800298795e-28
1.1416389156431567e-05,8.911234704057988e-28
1.1482329755570737e-05,8.60865119641647e-28
1.1548651224926835e-05,8.316343046795649e-28
1.1615355764390784e-05,8.033961292972491e-28
1.168244558655991e-05,7.761168824401533e-28
1.1749922916811414e-05,7.497639979687859e-28
1.1817789993376258e-05,7.243060157731838e-28
1.1886049067413238e-05,6.997125442081936e-28
1.1954702403083847e-05,6.759542238044825e-28
1.2023752277627187e-05,6.530026922122135e-28
1.2093200981435695e-05,6.308305503352621e-28
1.2163050818130954e-05,6.094113296157679e-28
1.2233304104640165e-05,5.887194604297759e-28
1.2303963171273082e-05,5.687302415562907e-28
1.2375030361799139e-05,5.494198106833674e-28
1.2446508033525381e-05,5.307651159158317e-28
1.2518398557374464e-05,5.127438882508312e-28
1.2590704317963499e-05,4.953346149881198e-28
1.2663427713682968e-05,4.785165140435443e-28
1.2736571156776364e-05,4.622695091348816e-28
1.2810137073420276e-05,4.465742058104723e-28
1.2884127903804683e-05,4.3141186829208e-28
1.2958546102214112e-05,4.167643971041709e-28
1.3033394137108828e-05,4.02614307463089e-28
1.310867449120693e-05,3.8894470840013308e-28
1.3184389661566513e-05,3.7573928259377734e-28
1.3260542159668585e-05,3.6298226688681864e-28
1.3337134511500438e-05,3.5065843346524413e-28
1.341416925763926e-05,3.387530716763796e-28
1.349164895333662e-05,3.272519704645033e-28
1.3569576168603003e-05,3.1614140140308086e-28
1.3647953488293283e-05,3.054081023032281e-28
1.3726783512192265e-05,2.9503926137895194e-28
1.3806068855101006e-05,2.8502250195016324e-28
1.3885812146923631e-05,2.7534586766523443e-28
1.3966016032754375e-05,2.659978082254905e-28
1.4046683172965538e-05,2.5696716559449976e-28
1.412781624329551e-05,2.4824316067580176e-28
1.4209417934937755e-05,2.398153804430573e-28
1.429149095462987e-05,2.3167376550735444e-28
1.437403802474346e-05,2.238085981067443e-28
1.4457061883374524e-05,2.1621049050369558e-28
1.4540565284434076e-05,2.088703737766433e-28
1.4624550997739726e-05,2.017794869921755e-28
1.4709021809107347e-05,1.9492936674501172e-28
1.4793980520443575e-05,1.883118370532131e-28
1.4879429949838828e-05,1.819189995965922e-28
1.4965372931660588e-05,1.7574322428667888e-28
1.5051812316647641e-05,1.6977714015693317e-28
1.5138750972004407e-05,1.6401362656239038e-28
1.5226191781496282e-05,1.5844580467816441e-28
1.5314137645545084e-05,1.5306702928672064e-28
1.540259148132535e-05,1.4787088084406162e-28
1.5491556222861188e-05,1.4285115781537149e-28
1.5581034821123383e-05,1.3800186927098617e-28
1.567103024412754e-05,1.333172277338016e-28
1.576154547703227e-05,1.2879164226963543e-28
1.585258352223847e-05,1.2441971181223558e-28
1.594414739948868e-05,1.201962187150177e-28
1.6036240145967355e-05,1.1611612252178861e-28
1.6128864816401697e-05,1.1217455394903872e-28
1.6222024483162762e-05,1.083668090726265e-28
1.6315722236367628e-05,1.0468834371188121e-28
1.6409961183981625e-05,1.011347680044603e-28
1.6504744451921705e-05,9.77018411654398e-29
1.6600075184159883e-05,9.438546642442124e-29
1.6695956542827627e-05,9.118168613457641e-29
1.6792391708320857e-05,8.808667704780387e-29
1.6889383879405186e-05,8.509674575036619e-29
1.698693627332231e-05,8.220832425352924e-29
1.7085052125896444e-05,7.941796573397299e-29
1.7183734691641923e-05,7.672234041885376e-29
1.728298724387093e-05,7.411823161063518e-29
1.7382813074802162e-05,7.160253184691797e-29
1.748321549567014e-05,6.91722391906916e-29
1.7584197836834794e-05,6.682445364658846e-29
1.7685763447892244e-05,6.455637369883744e-29
1.77879156977856e-05,6.236529296681154e-29
1.7890657974916877e-05,6.024859697415147e-29
1.799399368725946e-05,5.820376002762018e-29
1.8097926262470902e-05,5.622834220196475e-29
1.8202459148006914e-05,5.431998642717033e-29
1.8307595811235428e-05,5.247641567464774e-29
1.8413339739551895e-05,5.0695430238975e-29
1.851969444049468e-05,4.8974905111967053e-29
1.862666344186168e-05,4.7312787445918116e-29
1.8734250291827114e-05,4.5707094103007153e-29
1.8842458559059302e-05,4.4155909287924756e-29
1.8951291832839163e-05,4.265738226090141e-29
1.9060753723179e-05,4.1209725128411426e-29
1.9170847860942558e-05,3.9811210708901206e-29
1.9281577897965186e-05,3.846017047100934e-29
1.939294750717509e-05,3.715499254180367e-29
1.9504960382715264e-05,3.5894119782662974e-29
1.961762024006578e-05,3.4676047930509344e-29
1.973093081616732e-05,3.3499323802161435e-29
1.9844895869544827e-05,3.236254355967774e-29
1.995951918043249e-05,3.126435103460521e-29
2.007480455089886e-05,3.0203436109145625e-29
2.0190755804973076e-05,2.917853315229557e-29
2.0307376788771838e-05,2.818841950909836e-29
2.0424671370626698e-05,2.723191404120658e-29
2.0542643441212696e-05,2.630787571700395e-29
2.0661296913677087e-05,2.5415202249614416e-29
2.078063572376947e-05,2.4552828781160892e-29
2.0900663829972054e-05,2.3719726611713166e-29
2.102138521363107e-05,2.2914901971399296e-29
2.1142803879088985e-05,2.2137394834217658e-29
2.1264923853816997e-05,2.1386277772136237e-29
2.1387749188549e-05,2.0660654848103814e-29
2.151128395741558e-05,1.9959660546660006e-29
2.1635532258079515e-05,1.9282458740858644e-29
2.176049821187138e-05,1.8628241694279367e-29
2.1886185963926394e-05,1.7996229096929256e-29
2.2012599683322035e-05,1.7385667133886098e-29
2.2139743563216027e-05,1.6795827585573663e-29
2.2267621820985787e-05,1.6226006958588796e-29
2.2396238698367943e-05,1.567552564604983e-29
2.2525598461599405e-05,1.5143727116456666e-29
2.265570540155856e-05,1.4629977130100638e-29
2.2786563833907736e-05,1.4133662982083562e-29
2.2918178099236483e-05,1.365419277104431e-29
2.3050552563205235e-05,1.3190994692721276e-29
2.3183691616690494e-05,1.274351635750335e-29
2.331759967593014e-05,1.2311224131159335e-29
2.345228118267007e-05,1.1893602497954773e-29
2.358774060431166e-05,1.1490153445397457e-29
2.3723982434059624e-05,1.1100395869878476e-29
2.3861011191071443e-05,1.0723865002495499e-29
2.3998831420606867e-05,1.0360111854377322e-29
2.4137447694179078e-05,1.0008702680842971e-29
2.4276864609705936e-05,9.669218463759885e-30
2.4417086791662887e-05,9.34125441147906e-30
2.4558118891236006e-05,9.024419475754133e-30
2.4699965586476436e-05,8.718335885064386e-30
2.4842631582455694e-05,8.422638693785951e-30
2.4986121611421404e-05,8.136975346674005e-30
2.5130440432954662e-05,7.861005258133225e-30
2.5275592834127557e-05,7.594399405777507e-30
2.542158362966211e-05,7.336839937791054e-30
2.5568417662090134e-05,7.088019793623137e-30
2.5716099801913504e-05,6.8476423375647e-30
2.5864634947766126e-05,6.615421004766852e-30
2.6014028026576e-05,6.391078959281695e-30
2.6164283993729082e-05,6.174348763714257e-30
2.6315407833233264e-05,5.964972060093919e-30
2.646740455788388e-05,5.76269926158211e-30
2.6620279209430108e-05,5.5672892546493395e-30
2.6774036858741866e-05,5.378509111366424e-30
2.6928682605978422e-05,5.196133811464861e-30
2.7084221580757127e-05,5.019945973836684e-30
2.724065894232403e-05,4.849735597150936e-30
2.73979998797246e-05,4.685299809279436e-30
2.7556249611976015e-05,4.5264426252308055e-30
2.771541338824047e-05,4.372974713304643e-30
2.7875496487998863e-05,4.224713169187165e-30
2.8036504221226397e-05,4.0814812977172045e-30
2.8198441928568244e-05,3.943108402063811e-30
2.836131498151716e-05,3.809429580062026e-30
2.8525128782591235e-05,3.680285527465366e-30
2.8689888765513302e-05,3.555522347878801e-30
2.8855600395391326e-05,3.434991369145959e-30
2.9022269168899274e-05,3.3185489659717324e-30
2.9189900614459916e-05,3.206056388567435e-30
2.935850029242773e-05,3.097379597115368e-30
2.9528073795273815e-05,2.9923891018537733e-30
2.9698626747770974e-05,2.890959808592603e-30
2.987016480718047e-05,2.7929708694746578e-30
3.0042693663439857e-05,2.6983055388044012e-30
3.0216219039351297e-05,2.6068510337726447e-30
3.039074669077186e-05,2.518498399910028e-30
3.056628240680404e-05,2.433142381109675e-30
3.074283200998794e-05,2.350681294063064e-30
3.092040135649462e-05,2.271016906959571e-30
3.1098996336319864e-05,2.1940543223051743e-30
3.127862287348013e-05,2.1197018637197022e-30
3.145928692620846e-05,2.0478709665784296e-30
3.164099448715268e-05,1.9784760723665527e-30
3.182375158357365e-05,1.9114345266213224e-30
3.200756427754569e-05,1.846666480339206e-30
3.2192438666157245e-05,1.784094794731127e-30
3.237838088171326e-05,1.7236449492115422e-30
3.256539709193886e-05,1.665244952511724e-30
3.2753493500183396e-05,1.608825256811424e-30
3.29426763456268e-05,1.55431867478583e-30
3.3132951903486055e-05,1.5016602994694777e-30
3.3324326485223535e-05,1.4507874268409413e-30
3.351680643875656e-05,1.4016394810361214e-30
3.371039814866751e-05,1.3541579421010155e-30
3.3905108036416105e-05,1.3082862761973376e-30
3.4100942560551895e-05,1.2639698681781769e-30
3.429790821692902e-05,1.2211559564527354e-30
3.449601153892112e-05,1.1797935700628767e-30
3.469525909763864e-05,1.1398334678959071e-30
3.4895657502146265e-05,1.1012280799615216e-30
3.5097213399682365e-05,1.0639314506624295e-30
3.5299933475879706e-05,1.0278991839911227e-30
3.550382445498672e-05,9.930883905875133e-31
3.570889310009109e-05,9.594576365939122e-31
3.5915146213343635e-05,9.269668942467041e-31
3.612259063618408e-05,8.95577494145441e-31
3.633123324956828e-05,8.65252079142506e-31
3.65410809741959e-05,8.359545597984385e-31
3.675214077074059e-05,8.076500713494835e-31
3.696441964008032e-05,7.803049321363186e-31
3.717792462352989e-05,7.538866034441012e-31
3.739266280307463e-05,7.283636507060111e-31
3.760864130160485e-05,7.037057060240746e-31
3.782586728315269e-05,6.798834319623158e-31
3.804434795312912e-05,6.568684865693138e-31
3.8264090558563617e-05,6.346334895881278e-31
3.848510238834386e-05,6.131519898135617e-31
3.870739077345816e-05,5.923984335575333e-31
3.8930963087238115e-05,5.7234813418516755e-31
3.915582674560336e-05,5.529772426850743e-31
3.938198920730781e-05,5.342627192387649e-31
3.960945797418655e-05,5.161823057553457e-31
3.9838240591405245e-05,4.987144993385537e-31
4.0068344647709924e-05,4.818385266546619e-31
4.029977777567888e-05,4.655343191705167e-31
4.053254765197611e-05,4.497824892322176e-31
4.07666619976054e-05,4.3456430695595725e-31
4.100212857816705e-05,4.198616779033023e-31
4.123895520411484e-05,4.056571215144493e-31
4.1477149731015736e-05,3.9193375027355115e-31
4.17167200598098e-05,3.7867524958142087e-31
4.195767413707293e-05,3.6586585831143453e-31
4.22000199552799e-05,3.5349035002558783e-31
4.2443765553069674e-05,3.4153401482817033e-31
4.268891901551232e-05,3.2998264183546114e-31
4.29354884743766e-05,3.188225022405644e-31
4.318348210840039e-05,3.080403329530796e-31
4.343290814356137e-05,2.9762332079420846e-31
4.368377485335012e-05,2.8755908722833856e-31
4.393609055904483e-05,2.778356736129345e-31
4.4189863629986705e-05,2.6844152694916816e-31
4.4445102483858285e-05,2.5936548611620083e-31
4.470181558696193e-05,2.505967685728026e-31
4.496001145450139e-05,2.4212495751033604e-31
4.521969865086361e-05,2.339399894418778e-31
4.5480885789903075e-05,2.260321422125927e-31
4.574358153522784e-05,2.1839202341709063e-31
4.600779460048622e-05,2.1101055920997503e-31
4.627353374965658e-05,2.038789834961635e-31
4.654080779733731e-05,1.96988827488173e-31
4.680962560903992e-05,1.903319096178243e-31
4.707999610148248e-05,1.8390032579041405e-31
4.7351928242885654e-05,1.7768643996966344e-31
4.7625431053270476e-05,1.7168287508223977e-31
4.790051360475687e-05,1.6588250423102281e-31
4.8177185021865325e-05,1.602784422065787e-31
4.8455454481818935e-05,1.5486403728678136e-31
4.873533121484802e-05,1.4963286331474813e-31
4.901682450449665e-05,1.4457871204566034e-31
4.9299943687929886e-05,1.3969558575335871e-31
4.9584698156244234e-05,1.3497769008785092e-31
4.987109735477843e-05,1.3041942717526367e-31
5.015915078342748e-05,1.2601538895195937e-31
5.044886799695699e-05,1.2176035072491532e-31
5.0740258605320947e-05,1.1764926495063744e-31
5.1033332273979684e-05,1.1367725522523525e-31
5.1328098724220876e-05,1.0983961047845161e-31
5.162456773348225e-05,1.061317793647408e-31
5.192274913567521e-05,1.0254936484471649e-31
5.222265282151184e-05,9.908811895047497e-32
5.2524288738832276e-05,9.574393772859035e-32
5.282766689293496e-05,9.251285635471897e-32
5.3132797346908855e-05,8.939104441399864e-32
5.3439690221966477e-05,8.637480134162874e-32
5.374835569778051e-05,8.346055201816143e-32
5.405880401282055e-05,8.06448425142908e-32
5.437104546469363e-05,7.79243359800266e-32
5.468509041048491e-05,7.529580867338766e-32
5.5000949267102066e-05,7.275614612384513e-32
5.531863251162011e-05,7.030233942597256e-32
5.563815068162918e-05,6.793148165885836e-32
5.5959514375584475e-05,6.564076442702187e-32
5.628273425315696e-05,6.342747451871703e-32
5.66078210355879e-05,6.128899067761762e-32
5.693478550604366e-05,5.922278048405997e-32
5.726363850997374e-05,5.722639734210536e-32
5.7594390955470855e-05,5.529747756883683e-32
5.792705381363196e-05,5.343373758242858e-32
5.826163811892308e-05,5.163297118561657e-32
5.8598154969544416e-05,4.98930469413544e-32
5.893661552779937e-05,4.8211905637503515e-32
5.927703102046402e-05,4.6587557837556246e-32
5.961941273915982e-05,4.501808151445529e-32
5.996377204072855e-05,4.3501619764696063e-32
6.031012034760816e-05,4.203637859999229e-32
6.0658469148212616e-05,4.062062481385836e-32
6.100882999731202e-05,3.9252683920582455e-32
6.136121451641682e-05,3.793093816411714e-32
6.17156343941625e-05,3.665382459452943e-32
6.20721013866976e-05,3.5419833209705484e-32
6.24306273180741e-05,3.422750516010037e-32
6.279122408063868e-05,3.307543101439699e-32
6.315390363542825e-05,3.1962249083996475e-32
6.351867801256583e-05,3.088664380435599e-32
6.38855593116599e-05,2.984734417123433e-32
6.42545597022062e-05,2.884312222998599e-32
6.462569142399045e-05,2.7872791616107216e-32
6.49989667874954e-05,2.69352061452851e-32
6.537439817430813e-05,2.6029258451281115e-32
6.575199803753178e-05,2.5153878670014794e-32
6.613177890219758e-05,2.4308033168289987e-32
6.651375336568135e-05,2.349072331563874e-32
6.689793409812047e-05,2.2700984297829095e-32
6.728433384283451e-05,2.1937883970615356e-32
6.76729654167483e-05,2.1200521752368304e-32
6.806384171081621e-05,2.048802755426861e-32
6.845697569045078e-05,1.9799560746781956e-32
6.88523803959518e-05,1.9134309161192813e-32
6.925006894293933e-05,1.8491488125000515e-32
6.965005452278913e-05,1.7870339530031479e-32
7.005235040306923e-05,1.7270130932159313e-32
7.04569699279812e-05,1.6690154681554888e-32
7.086392651880154e-05,1.6129727082437252e-32
7.127323367432816e-05,1.5588187581317313e-32
7.168490497132681e-05,1.5064897982774462e-32
7.209895406498272e-05,1.455924169182528e-32
7.251539468935248e-05,1.4070622981988065e-32
7.293424065781998e-05,1.3598466288166748e-32
7.335550586355516e-05,1.3142215523513852e-32
7.377920427997371e-05,1.270133341946059e-32
7.420534996120181e-05,1.2275300888124032e-32
7.463395704254126e-05,1.1863616406336767e-32
7.506503974093876e-05,1.1465795420561724e-32
7.549861235545798e-05,1.1081369771984997e-32
7.593468926775283e-05,1.0709887141103616e-32
7.637328494254563e-05,1.0350910511143301e-32
7.68144139281059e-05,1.0004017649671494e-32
7.725809085673338e-05,9.668800607784987e-33
7.770433044524385e-05,9.34486523627738e-33
7.815314749545617e-05,9.031830718211496e-33
7.860455689468456e-05,8.729329117337064e-33
7.905857361623111e-05,8.437004941820111e-33
7.951521271988373e-05,8.154514722760621e-33
7.997448935241442e-05,7.881526607000649e-33
8.043641874808295e-05,7.61771996373449e-33
8.090101622914111e-05,7.362785004456062e-33
8.136829720634132e-05,7.116422415788493e-33
8.183827717944845e-05,6.87834300475997e-33
8.231097173775265e-05,6.648267356104601e-33
8.278639656058789e-05,6.425925501178081e-33
8.326456741785082e-05,6.211056598096914e-33
8.374550017052435e-05,6.0034086227183306e-33
8.42292107712043e-05,5.802738070094043e-33
8.47157152646274e-05,5.6088096660433645e-33
8.520502978820473e-05,5.421396088500663e-33
8.569717057255578e-05,5.24027769830773e-33
8.619215394204809e-05,5.0652422791286675e-33
8.66899963153374e-05,4.8960847861799543e-33
8.719071420591362e-05,4.732607103474704e-33
8.769432422264742e-05,4.574617809294253e-33
8.820084307034158e-05,4.421931949606623e-33
8.871028755028572e-05,4.2743708191628425e-33
8.922267456081227e-05,4.131761750011463e-33
8.97380210978585e-05,3.993937907178173e-33
9.025634425552893e-05,3.86073809126927e-33
9.0777661226663e-05,3.7320065477627796e-33
9.130198930340576e-05,3.607592782761141e-33
9.18293458777803e-05,3.487351384986573e-33
9.235974844226608e-05,3.371141853806535e-33
9.28932145903776e-05,3.258828433086004e-33
9.342976201724962e-05,3.150279950667776e-33
9.396940852022246e-05,3.0453696632911714e-33
9.451217199943392e-05,2.943975106763554e-33
9.505807045841173e-05,2.845977951207716e-33
9.560712200467121e-05,2.7512638612121283e-33
9.615934485031658e-05,2.6597223607182012e-33
9.671475731264365e-05,2.571246702484252e-33
9.727337781474893e-05,2.485733741970268e-33
9.783522488613943e-05,2.4030838154944763e-33
9.840031716334782e-05,2.323200622516167e-33
9.896867339055124e-05,2.2459911119052205e-33
9.95403124201916e-05,2.1713653720634056e-33
0.0001001152532136026,2.0992365247662583e-33
0.0001006935148416371,2.0295206226001954e-33
0.00010127511648530081,1.9621365498722847e-33
0.00010186007743638809,1.89700592687546e-33
0.0001024484170981219,1.834053017395213e-33
0.00010304015498579751,1.7732046393479574e-33
0.00010363531072742938,1.7143900784449496e-33
0.00010423390406440324,1.657541004779053e-33
0.0001048359548521296,1.6025913922356553e-33
0.00010544148306070337,1.549477440631547e-33
0.00010605050877556598,1.4981375004896997e-33
0.00010666305219817106,1.4485120003604684e-33
0.0001072791336466558,1.400543376602781e-33
0.00010789877355651325,1.3541760055423372e-33
0.00010852199248127194,1.3093561379257502e-33
0.00010914881109317595,1.2660318355933755e-33
0.0001097792501838718,1.224152910295159e-33
0.00011041333066509779,1.183670864577239e-33
0.00011105107356937706,1.1445388346690039e-33
0.0001116925000507166,1.1067115353027269e-33
0.00011233763138530723,1.0701452064005894e-33
0.00011298648897223066,1.0347975615654664e-33
0.0001136390943341687,1.0006277383146444e-33
0.00011429546911811735,9.675962499972958e-34
0.0001149556350961048,9.356649393386892e-34
0.00011561961416591321,9.047969335560611e-34
0.0001162874283518062,8.749566009928149e-34
0.00011695909980525784,8.461095092197951e-34
0.0001176346508056887,8.18222384553716e-34
0.00011831410376120421,7.91263072944935e-34
0.00011899748120933815,7.652005021880838e-34
0.00011968480581780029,7.400046454107814e-34
0.00012037610038522768,7.156464857971753e-34
0.00012107138784194222,6.92097982504382e-34
0.00012177069125070955,6.693320377316197e-34
0.00012247403380750543,6.473224649027673e-34
0.00012318143884228444,6.26043957924837e-34
0.0001238929298197541,6.054720614858121e-34
0.00012460853034015326,5.855831423567059e-34
0.00012532826414003422,5.663543616638399e-34
0.00012605215509305155,5.4776364809842095e-34
0.0001267802272107522,5.297896720318247e-34
0.00012751250464337332,5.124118205057482e-34
0.0001282490116806428,4.956101730677527e-34
0.00012898977275258488,4.7936547842350386e-34
0.00012973481243033088,4.636591318780761e-34
0.0001304841554269334,4.484731535396344e-34
0.0001312378265981875,4.337901672596242e-34
0.00013199585094345346,4.195933802846457e-34
0.0001327582536064873,4.058665635957941e-34
0.0001335250598762743,3.925940329123059e-34
0.00013429629518786783,3.7976063033697104e-34
0.00013507198512323324,3.673517066216047e-34
0.00013585215541209574,3.5535310403160683e-34
0.00013663683193279532,3.4375113978929343e-34
0.00013742604071314326,3.3253259007649605e-34
0.00013821980793128698,3.2168467457740306e-34
0.00013901815991657784,3.1119504154344528e-34
0.0001398211231504438,3.0105175336253214e-34
0.00014062872426726957,2.912432726155431e-34
0.0001414409900552778,2.8175844860367063e-34
0.00014225794745741996,2.7258650433058206e-34
0.00014307962357226794,2.637170239241155e-34
0.00014390604565491438,2.5513994048255684e-34
0.00014473724111787632,2.4684552433119416e-34
0.00014557323753200372,2.3882437167525215e-34
0.00014641406262739574,2.310673936357771e-34
0.00014725974429431838,2.235658056555793e-34
0.0001481103105841313,2.163111172626453e-34
0.00014896578971021753,2.0929512217899153e-34
0.0001498262100489194,2.0250988876324486e-34
0.00015069160014048012,1.959477507756731e-34
0.00015156198868998937,1.8960129845477546e-34
0.00015243740456833752,1.8346336989486378e-34
0.00015331787681317088,1.775270427145159e-34
0.0001542034346298566,1.7178562600600224e-34
0.00015509410739245074,1.6623265255623896e-34
0.0001559899246446727,1.6086187133006222e-34
0.00015689091610088533,1.5566724020696314e-34
0.00015779711164707987,1.5064291896272445e-34
0.00015870854134186887,1.4578326248765903e-34
0.0001596252354174811,1.410828142334918e-34
0.00016054722428076614,1.3653629988111514e-34
0.00016147453851420203,1.3213862122178877e-34
0.00016240720887691012,1.2788485024455178e-34
0.00016334526630567517,1.2377022342288874e-34
0.00016428874191597105,1.1979013619391562e-34
0.00016523766700299444,1.1594013762357296e-34
0.0001661920730427006,1.122159252515657e-34
0.0001671519916928493,1.0861334010994673e-34
0.00016811745479405416,1.0512836190950438e-34
0.00016908849437083883,1.0175710438827458e-34
0.0001700651426326994,9.849581081670344e-35
0.0001710474319751722,9.534084965417351e-35
0.00017203539498090987,9.228871035177304e-35
0.00017302906442076004,8.933599929638822e-35
0.00017402847325485404,8.647943589132419e-35
0.00017503365463369965,8.371584876886216e-35
0.0001760446418992799,8.104217213029508e-35
0.00017706146858616093,7.845544220912745e-35
0.00017808416842260186,7.595279385330385e-35
0.0001791127753316762,7.353145722242135e-35
0.00018014732343239458,7.118875459607271e-35
0.0001811878470408383,6.892209728954575e-35
0.00018223438067129692,6.672898267327364e-35
0.00018328695903741253,6.460699129252741e-35
0.00018434561705333295,6.255378408396527e-35
0.00018541038983486751,6.05670996857838e-35
0.00018648131270065368,5.864475183829681e-35
0.00018755842117332782,5.678462687190439e-35
0.0001886417509807036,5.49846812794988e-35
0.0001897313380569572,5.324293937045992e-35
0.00019082721854381843,5.155749100349074e-35
0.00019192942879177162,4.992648939562913e-35
0.00019303800536125864,4.834814900487691e-35
0.00019415298502389376,4.682074348395202e-35
0.0001952744047636824,4.5342603702776153e-35
0.00019640230177824812,4.391211583737533e-35
0.0001975367134800666,4.252771952295628e-35
0.0001986776774977057,4.1187906068996796e-35
0.00019982523167707568,3.989121673425531e-35
0.00020097941408268194,3.8636241059689826e-35
0.00020214026299888963,3.742161525732347e-35
0.00020330781693119268,3.624602065318074e-35
0.0002044821146074912,3.5108182182468483e-35
0.0002056631949793762,3.4006866935242524e-35
0.00020685109722342078,3.2940882750860524e-35
0.00020804586074248168,3.190907685957427e-35
0.00020924752516700352,3.091033456968104e-35
0.00021045613035633565,2.9943577998691044e-35
0.0002116717164000531,2.9007764847036117e-35
0.0002128943236192867,2.8101887212883726e-35
0.00021412399256806068,2.722497044667335e-35
0.00021536076403463685,2.637607204403938e-35
0.0002166046790428698,2.555428057582496e-35
0.00021785577885356477,2.4758714653944966e-35
0.0002191141049658486,2.3988521931884055e-35
0.00022037969911854519,2.3242878138670934e-35
0.00022165260329156013,2.252098614519884e-35
0.00022293285970727348,2.1822075061805718e-35
0.0002242205108319392,2.1145399366062604e-35
0.00022551559937709618,2.0490238059752425e-35
0.00022681816830098176,1.9855893854061776e-35
0.00022812826080995926,1.924169238203171e-35
0.00022944592035995022,1.8646981437355352e-35
0.00023077119065787488,1.8071130238635174e-35
0.00023210411566310449,1.751352871824244e-35
0.00023344473958891596,1.697358683495639e-35
0.00023479310690396218,1.6450733909578097e-35
0.00023614926233374352,1.5944417982753358e-35
0.00023751325086209397,1.545410519425289e-35
0.0002388851177326723,1.4979279182992942e-35
0.00024026490845046187,1.4519440507098177e-35
0.00024165266878328268,1.4074106083332673e-35
0.000243048444763306,1.3642808645251907e-35
0.00024445228268858417,1.3225096219442974e-35
0.0002458642291245848,1.2820531619249309e-35
0.0002472843309057359,1.242869195539115e-35
0.0002487126351369793,1.2049168162915203e-35
0.0002501491891953322,1.1681564543925936e-35
0.00025159404073146134,1.1325498325567496e-35
0.00025304723767125974,1.0980599232747459e-35
0.0002545088282174397,1.0646509075104389e-35
0.00025597886085113004,1.0322881347744459e-35
0.00025745738433348463,1.0009380845283754e-35
0.0002589444477073001,9.705683288750579e-36
0.00026044010029864116,9.411474964917064e-36
0.00026194439171847966,9.126452377642186e-36
0.0002634573718643367,8.850321910825688e-36
0.0002649790909219404,8.582799502581576e-36
0.0002665095993668894,8.323610330256967e-36
0.00026804894796632713,8.072488505932242e-36
0.0002695971877806266,7.82917678205137e-36
0.00027115437016508203,7.593426266843891e-36
0.00027272054677161584,7.364996149209206e-36
0.0002742957695504879,7.143653432748588e-36
0.0002758800907520217,6.929172678636416e-36
0.00027747356292833636,6.721335757036433e-36
0.00027907623893508966,6.519931606776429e-36
0.00028068817193323194,6.324756003005061e-36
0.00028230941539076785,6.135611332564153e-36
0.00028394002308453314,5.95230637681765e-36
0.00028558004910197424,5.774656101689229e-36
0.0002872295478429457,5.602481454665936e-36
0.00028888857402151343,5.4356091685362884e-36
0.0002905571826677683,5.2738715716372634e-36
0.0002922354291296549,5.117106404392255e-36
0.00029392336907480286,4.96515664193102e-36
0.0002956210584923782,4.8178703225868e-36
0.00029732855369493595,4.675100382076103e-36
0.00029904591132029143,4.53670449316982e-36
0.0003007731883333976,4.402544910673459e-36
0.0003025104420282335,4.272488321538852e-36
0.000304257730029708,4.146405699935806e-36
0.000306015110295567,4.0241721671190794e-36
0.00030778264111831907,3.905666855929592e-36
0.0003095603811271677,3.7907727797762724e-36
0.0003113483892899563,3.6793767059485515e-36
0.00031314672491512455,3.5713690331153674e-36
0.0003149554476536738,3.466643672871196e-36
0.00031677461750114947,3.365097935193798e-36
0.00031860429479962655,3.266632417684191e-36
0.0003204445402397148,3.171150898461866e-36
0.00032229541486257003,3.07856023259432e-36
0.0003241569800619193,2.9887702519427856e-36
0.00032602929758609767,2.90169366831056e-36
0.00032791242954009476,2.8172459797841302e-36
0.0003298064383876184,2.735345380160484e-36
0.00033171138695316195,2.6559126713585727e-36
0.0003336273384240918,2.5788711787149497e-36
0.00033555435635274165,2.5041466690682524e-36
0.00033749250465852086,2.4316672715395292e-36
0.0003394418476300351,2.3613634009188666e-36
0.0003414024499272171,2.293167683571809e-36
0.000343374376583475,2.227014885781606e-36
0.00034535769300784487,2.1628418444468517e-36
0.0003473524649871642,2.100587400055727e-36
0.0003493587586882521,2.0401923318617743e-36
0.0003513766406601046,1.9815992951878494e-36
0.0003534061778361024,1.924752760787728e-36
0.0003554474375362292,1.8695989561972004e-36
0.0003575004874693087,1.816085809008398e-36
0.0003595653957352455,1.7641628920040436e-36
0.000361642230827288,1.713781370089498e-36
0.0003637310616342983,1.6648939489633672e-36
0.00036583195744303794,1.617454825468944e-36
0.0003679449879404662,1.5714196395708194e-36
0.00037007022321604993,1.5267454279029282e-36
0.0003722077337640926,1.4833905788358411e-36
0.0003743575904860672,1.4413147890133386e-36
0.0003765198646929723,1.4004790213092902e-36
0.0003786946281076958,1.3608454641581658e-36
0.00038088195286739264,1.3223774922136413e-36
0.00038308191152588175,1.2850396282913184e-36
0.0003852945770560468,1.2487975065533887e-36
0.0003875200228522629,1.2136178368938483e-36
0.0003897583227328257,1.179468370485018e-36
0.0003920095509424034,1.1463178664466635e-36
0.00039427378215449866,1.114136059600934e-36
0.00039655109147392374,1.0828936292771838e-36
0.0003988415544392958,1.05256216913199e-36
0.0004011452470255374,1.0231141579510831e-36
0.00040346224564640057,9.945229314005957e-37
0.0004057926271569998,9.667626546965153e-37
0.00040813646885636153,9.398082961620313e-37
0.00041049384848998867,9.13635601643533e-37
0.00041286484425243726,8.882210697570357e-37
0.00041524953478991496,8.63541927937605e-37
0.00041764799920288373,8.395761092655504e-37
0.0004200603170486882,8.16302230043616e-37
0.00042248656834419264,7.9369956810066e-37
0.00042492683356843547,7.717480417978632e-37
0.00042738119366529914,7.50428189714402e-37
0.000429849730046193,7.2972115099029764e-37
0.00043233252459275835,7.0960864630479505e-37
0.0004348296596595785,6.900729594695498e-37
0.00043734121807691536,6.710969196162892e-37
0.0004398672831534544,6.526638839595951e-37
0.0004424079386790688,6.3475772111587214e-37
0.0004449632689275991,6.173627949603078e-37
0.00044753335865964616,6.004639490042126e-37
0.00045011829312538806,5.840464912756387e-37
0.000452718158067401,5.680961796869283e-37
0.00045533303972350876,5.5259920787310895e-37
0.00045796302482964076,5.375421914858614e-37
0.0004606082006227097,5.229121549280975e-37
0.0004632686548435055,5.086965185147722e-37
0.00046594447573960356,4.9488308604602205e-37
0.0004686357520682969,4.814600327791029e-37
0.00047134257309953373,4.684158937862249e-37
0.0004740650286188838,4.5573955268556154e-37
0.00047680320893051464,4.434202307333673e-37
0.00047955720486018505,4.314474762653895e-37
0.00048232710775826304,4.198111544761704e-37
0.0004851130095027488,4.0850143752530705e-37
0.00048791500250233006,3.975087949599245e-37
0.0004907331796994399,3.868239844431819e-37
0.000493567634573345,3.764380427787552e-37
0.0004964184611432446,3.6634227722174572e-37
0.000499285753971387,3.5652825706668103e-37
0.0005021696081662115,3.469878055035853e-37
0.0005050701193854968,3.377129917334706e-37
0.0005079873838395385,3.2869612333476484e-37
0.000510921498294339,3.199297388725875e-37
0.0005138725600748166,3.114066007429743e-37
0.0005168406670680354,3.0311968824443914e-37
0.0005198259177264489,2.950621908695255e-37
0.0005228284110711717,2.872275018091852e-37
0.0005258482466952564,2.7960921166316364e-37
0.0005288855247670035,2.722011023496495e-37
0.0005319403460332808,2.649971412078122e-37
0.0005350128118228657,2.579914752869587e-37
0.0005381030240498076,2.511784258162923e-37
0.0005412110852168046,2.445524828494517e-37
0.0005443370984186103,2.381083000781656e-37
0.0005474811673454454,2.318406898096134e-37
0.0005506433962864434,2.257446181021642e-37
0.0005538238901331071,2.1981520005443446e-37
0.0005570227543827882,2.1404769524270535e-37
0.0005602400951421875,2.0843750330193195e-37
0.0005634760191308714,2.0298015964573148e-37
0.0005667306336848184,1.9767133132086464e-37
0.0005700040467599707,1.925068129919251e-37
0.0005732963669358227,1.8748252305201049e-37
0.0005766077034190183,1.8259449985537225e-37
0.0005799381660469748,1.77838898068109e-37
0.0005832878652915266,1.7321198513312656e-37
0.0005866569122625865,1.6871013784571016e-37
0.0005900454187118378,1.643298390361463e-37
0.0005934534970364326,1.6006767435600585e-37
0.0005968812602827271,1.559203291647291e-37
0.0006003288221500277,1.5188458551334398e-37
0.0006037962969943638,1.4795731922219296e-37
0.0006072837998322808,1.4413549704967713e-37
0.0006107914463446527,1.4041617394911368e-37
0.0006143193528805259,1.3679649041088416e-37
0.0006178676364609696,1.332736698871843e-37
0.0006214364147829645,1.298450162967099e-37
0.0006250258062233046,1.2650791160676198e-37
0.0006286359298425203,1.2325981349029963e-37
0.0006322669053888358,1.2009825305554824e-37
0.0006359188533021307,1.1702083264588335e-37
0.0006395918947179459,1.140252237077269e-37
0.0006432861514714913,1.1110916472433205e-37
0.0006470017461016951,1.0827045921333749e-37
0.0006507388018552649,1.0550697378609198e-37
0.0006544974426907739,1.0281663626678674e-37
0.0006582777932827796,1.0019743386949449e-37
0.00066207997902595,9.764741143130522e-38
0.0006659041260392302,9.516466969976136e-38
0.0006697503611700225,9.2747363672897e-38
0.0006736188119983948,9.039370099021203e-38
0.000677509606841313,8.810194037297737e-38
0.0006814228747568933,8.587039011231915e-38
0.0006853587455486919,8.369740660356866e-38
0.0006893173497699996,8.158139292543891e-38
0.0006932988187281809,7.952079746259873e-38
0.0006973032844890254,7.751411257029572e-38
0.0007013308798811293,7.555987327970114e-38
0.0007053817385003022,7.36566560427002e-38
0.0007094559947139946,7.180307751489282e-38
0.0007135537836657632,6.999779337560169e-38
0.0007176752412797431,6.823949718374175e-38
0.0007218205042651649,6.65269192684131e-38
0.000725989710120885,6.485882565314525e-38
0.0007301829971399479,6.323401701273467e-38
0.0007344005044141736,6.165132766166054e-38
0.0007386423718387682,6.010962457309469e-38
0.0007429087401169716,5.860780642754754e-38
0.000747199750764715,5.714480269023727e-38
0.0007515155461153226,5.571957271627564e-38
0.0007558562693242295,5.433110488281652e-38
0.0007602220643737307,5.297841574732402e-38
0.0007646130760777578,5.166054923115005e-38
0.0007690294500866789,5.037657582763908e-38
0.0007734713328921379,4.912559183399421e-38
0.000777938871831903,4.790671860617792e-38
0.0007824322150947628,4.6719101836124225e-38
0.0007869515117254378,4.556191085058104e-38
0.0007914969116295219,4.443433793091113e-38
0.0007960685655784634,4.3335597653202257e-38
0.0008006666252145534,4.2264926248068297e-38
0.0008052912430559697,4.122158097952314e-38
0.0008099425725018228,4.0204839542352796e-38
0.0008146207678372536,3.9213999477405374e-38
0.0008193259842385477,3.8248377604256286e-38
0.0008240583777782795,3.7307309470712373e-38
0.0008288181054304977,3.639014881863557e-38
0.0008336053250759211,3.5496267065592897e-38
0.0008384201955071845,3.462505280183994e-38
0.0008432628764341015,3.377591130217483e-38
0.0008481335284889633,3.2948264052205214e-38
0.0008530323132318671,3.214154828858854e-38
0.0008579593931560717,3.135521655282023e-38
0.0008629149316933962,3.0588736258153763e-38
0.000867899093219629,2.984158926925808e-38
0.00087291204305999,2.911327149421807e-38
0.0008779539474946102,2.8403292488508223e-38
0.0008830249737640474,2.771117507057304e-38
0.0008881252900748354,2.7036454948662485e-38
0.0008932550656050581,2.637868035858212e-38
0.0008984144705099716,2.5737411712024724e-38
0.0009036036759276358,2.5112221255167795e-38
0.0009088228539846002,2.4502692737220943e-38
0.0009140721778016095,2.3908421088627135e-38
0.0009193518214993471,2.3329012108624337e-38
0.0009246619602042108,2.2764082161885516e-38
0.0009300027700541179,2.221325788396461e-38
0.0009353744282043577,2.1676175895281147e-38
0.0009407771128334547,2.1152482523390802e-38
0.0009462110031490889,2.0641833533288275e-38
0.0009516762793940357,2.0143893865505544e-38
0.0009571731228521456,1.9658337381769495e-38
0.0009627017158543579,1.9184846617993388e-38
0.0009682622417847444,1.8723112544383241e-38
0.0009738548850866023,1.8272834332444557e-38
0.0009794798312685595,1.783371912868692e-38
0.0009851372669107373,1.7405481834822603e-38
0.000990827379670936,1.6987844894268914e-38
0.0009965503582908596,1.6580538084765097e-38
0.0010023063926023767,1.61832983169223e-38
0.0010080956735338152,1.579586943853076e-38
0.0010139183931162992,1.5418002044452467e-38
0.0010197747444901165,1.5049453291934917e-38
0.0010256649219111248,1.4689986721184593e-38
0.0010315891207571966,1.4339372081044893e-38
0.001037547537534698,1.3997385159627675e-38
0.0010435403698850093,1.3663807619752017e-38
0.0010495678165910766,1.3338426839048936e-38
0.001055630077584011,1.302103575459372e-38
0.0010617273539497163,1.2711432711933695e-38
0.0010678598479355607,1.2409421318381481e-38
0.001074027762957085,1.2114810300448794e-38
0.0010802313036047495,1.1827413365299325e-38
0.001086470675650722,1.1547049066102752e-38
0.0010927460860556987,1.1273540671176178e-38
0.0010990577429757756,1.1006716036801448e-38
0.0011054058557693487,1.074640748361188e-38
0.0011117906350040598,1.049245167644369e-38
0.0011182122924637803,1.0244689507551368e-38
0.0011246710411556384,1.0002965983088869e-38
0.001131167095317079,9.767130112762168e-39
0.0011377006704229775,9.537034802560164e-39
0.0011442719831927816,9.312536750475602e-39
0.0011508812515977024,9.09349634512863e-39
0.0011575286948679437,8.879777567209336e-39
0.0011642145334999738,8.671247893657501e-39
0.0011709389892638408,8.467778204500674e-39
0.0011777022852105246,8.269242692273869e-39
0.0011845046456793412,8.075518773946126e-39
0.0011913462963053807,7.88648700528229e-39
0.0011982274640269922,7.702030997569578e-39
0.0012051483770933117,7.522037336641118e-39
0.0012121092650718322,7.3463955041306e-39
0.001219110358856021,7.174997800893911e-39
0.001226151890672973,7.007739272536073e-39
0.0012332340940911211,6.844517636982644e-39
0.0012403572040279782,6.68523321403795e-39
0.0012475214567579315,6.52978885687283e-39
0.0012547270899200798,6.378089885387204e-39
0.0012619743425261163,6.230044021393982e-39
0.0012692634549682528,6.085561325572657e-39
0.0012765946690272,5.944554136141978e-39
0.0012839682278801832,5.806937009203341e-39
0.0012913843761090094,5.672626660707316e-39
0.0012988433597081804,5.541541909997328e-39
0.0013063454260930517,5.413603624886027e-39
0.0013138908241080414,5.28873466822094e-39
0.001321479804034879,5.166859845897538e-39
0.001329112617600915,5.047905856278635e-39
0.0013367895179874653,4.931801240980932e-39
0.001344510759838211,4.8184763369899256e-39
0.0013522765992676448,4.707863230066077e-39
0.001360087293869566,4.599895709405902e-39
0.0013679431027256266,4.494509223522876e-39
0.00137584428641392,4.391640837314083e-39
0.0013837911070176314,4.2912291902792164e-39
0.0013917838281337276,4.1932144558600525e-39
0.0013998227148816994,4.097538301868982e-39
0.0014079080339123582,4.00414385197624e-39
0.0014160400534166786,3.9129756482264705e-39
0.0014242190431346976,3.823979614555901e-39
0.0014324452743644548,3.737103021282517e-39
0.001440719019971001,3.652294450541969e-39
0.0014490405543954427,3.569503762643333e-39
0.0014574101536640471,3.48868206331908e-39
0.0014658280953973978,3.4097816718445674e-39
0.0014742946588196055,3.332756090003077e-39
0.0014828101247675632,3.257559971873137e-39
0.0014913747757002705,3.1841490944152906e-39
0.001499988895708198,3.11248032883656e-39
0.0015086527705227106,3.0425116127110857e-39
0.001517366687525546,2.97420192283621e-39
0.001526130935758348,2.9075112488038526e-39
0.0015349458059322535,2.842400567267607e-39
0.001543811590437531,2.778831816886519e-39
0.0015527285833532882,2.7167678739269766e-39
0.0015616970804572196,2.656172528504906e-39
0.0015707173792354203,2.5970104614506963e-39
0.0015797897788922522,2.5392472217799375e-39
0.0015889145803602703,2.4828492047534745e-39
0.0015980920863102048,2.427783630510801e-39
0.001607322601160995,2.374018523261242e-39
0.0016166064310898965,2.321522691017685e-39
0.0016259438840426305,2.2702657058583598e-39
0.0016353352697436004,2.220217884702237e-39
0.0016447808997061652,2.171350270584233e-39
0.0016542810872429735,2.1236346144167078e-39
0.001663836147476351,2.0770433572242003e-39
0.0016734463973487608,2.031549612838545e-39
0.0016831121556333123,1.9871271510421304e-39
0.0016928337429443347,1.9437503811471632e-39
0.001702611481748013,1.9013943359992655e-39
0.0017124456963730833,1.8600346563940354e-39
0.0017223367130215932,1.8196475758955017e-39
0.0017322848597797148,1.780209906045761e-39
0.0017422904666286384,1.7416990219552494e-39
0.0017523538654555092,1.7040928482636367e-39
0.00176247539006444,1.6673698454613245e-39
0.0017726553761875828,1.6315089965620367e-39
0.001782894161496264,1.5964897941171188e-39
0.001793192085612188,1.5622922275624685e-39
0.0018035494901186952,1.5288967708893263e-39
0.0018139667185721024,1.49628437063021e-39
0.0018244441165130923,1.4644364341518089e-39
0.0018349820314781764,1.4333348182465944e-39
0.0018455808130112229,1.4029618180153054e-39
0.0018562408126750532,1.3733001560326162e-39
0.0018669623840630951,1.344332971788542e-39
0.001877745882811124,1.3160438113982521e-39
0.0018885916666090507,1.2884166175733202e-39
0.0018995000952127888,1.2614357198474714e-39
0.0019104715304561865,1.2350858250501676e-39
0.0019215063362630308,1.2093520080215258e-39
0.0019326048786591186,1.1842197025622408e-39
0.0019437675257843918,1.159674692612391e-39
0.001954994647905159,1.1357031036530694e-39
0.0019662866174263703,1.112291394325112e-39
0.0019776438089039714,1.0894263482591906e-39
0.0019890665990573283,1.0670950661117843e-39
0.0020005553667817215,1.0452849578016698e-39
0.0020121104931609193,1.0239837349416985e-39
0.002023732361479806,1.003179403460825e-39
0.0020354213572371122,9.828602564113705e-40
0.002047177868158189,9.630148669568139e-40
0.0020590022842078754,9.436320815353521e-40
0.00207089499760343,9.247010131947309e-40
0.0020828564028275457,9.062110350938793e-40
0.0020948868966414245,8.881517741670842e-40
0.00210698687809795,8.705131049464538e-40
0.0021191567485549195,8.532851435386361e-40
0.002131396911688355,8.364582417518032e-40
0.002143707773505894,8.200229813690267e-40
0.002156089742360259,8.039701685642909e-40
0.0021685432289628034,7.882908284574745e-40
0.002181068646397125,7.729761998047515e-40
0.0021936664101327836,7.58017729820902e-40
0.0022063369380390706,7.434070691302052e-40
0.002219080650398875,7.2913606684258414e-40
0.002231897969922621,7.151967657518274e-40
0.0022447893217622922,7.015813976527489e-40
0.0022577551335255346,6.882823787742685e-40
0.002270795835289832,6.752923053254587e-40
0.002283911859616785,6.6260394915165585e-40
0.0022971036415664493,6.5021025349787555e-40
0.002310371618711771,6.381043288767704e-40
0.002323716231153099,6.26279449038498e-40
0.002337137921532784,6.147290470398952e-40
0.002350637135049864,6.034467114104591e-40
0.00236421431947482,5.924261824126773e-40
0.002377869925164446,5.816613483943006e-40
0.0023916044050767736,5.711462422302717e-40
0.002405418214786104,5.608750378520131e-40
0.0024193118124981165,5.5084204686188565e-40
0.002433285659065069,5.4104171523066105e-40
0.002447340218001077,5.314686200759337e-40
0.0024614759554975017,5.221174665194052e-40
0.0024756933404384046,5.1298308462109075e-40
0.0024899928444161016,5.040604263884958e-40
0.0025043749417468075,4.953445628588807e-40
0.0025188401094863675,4.8683068125279046e-40
0.002533388827446085,4.785140821970515e-40
0.0025480215782086265,4.703901770155106e-40
0.002562738847144043,4.624544850857976e-40
0.002577541122425862,4.547026312604903e-40
0.00259242889504728,4.471303433510509e-40
0.0026074026588374516,4.3973344967297675e-40
0.0026224629104778675,4.325078766506357e-40
0.0026376101495188334,4.2544964648030094e-40
0.0026528448783960296,4.1855487484993765e-40
0.0026681676024471915,4.118197687143199e-40
0.0026835788299288633,4.052406241241165e-40
0.0026990790720332575,3.988138241075962e-40
0.002714668842905212,3.925358366036481e-40
0.0027303486596592474,3.864032124448428e-40
0.0027461190423967085,3.8041258338930385e-40
0.0027619805142230325,3.745606602001609e-40
0.002777933601265089,3.6884423077143035e-40
0.0027939788326886363,3.6326015829916054e-40
0.002810116740715871,3.5780537949672764e-40
0.0028263478606430845,3.524769028531922e-40
0.0028426727308584207,3.4727180693365266e-40
0.0028590918928597217,3.421872387205677e-40
0.0028756058912725096,3.3722041199502127e-40
0.002892215273868037,3.3236860575697004e-40
0.002908920591581461,3.2762916268349392e-40
0.002925722398530119,3.229994876241303e-40
0.002942621252031906,3.1847704613237e-40
0.002959617712623767,3.1405936303243536e-40
0.0029767123440802754,3.0974402102047405e-40
0.0029939057134323525,3.0552865929931578e-40
0.0030111983909860657,3.0141097224598544e-40
0.0030285909503415453,2.9738870811115835e-40
0.003046083968412013,2.9345966774978113e-40
0.003063678025442922,2.8962170338209666e-40
0.003081373705031189,2.8587271738433065e-40
0.0030991715941445725,2.8221066110831124e-40
0.0031170722831411297,2.786335337293235e-40
0.0031350763657888026,2.7513938112150472e-40
0.003153184439285111,2.717262947601114e-40
0.003171397104276966,2.6839241065000388e-40
0.003189714964880591,2.6513590827971e-40
0.003208138628701552,2.619550096004493e-40
0.0032266687068549303,2.5884797802950167e-40
0.0032453058139855786,2.5581311747734386e-40
0.003264050568288513,2.528487713979637e-40
0.003282903591529421,2.4995332186179777e-40
0.003301865509065281,2.471251886507411e-40
0.003320936949865113,2.4436282837469445e-40
0.003340118546530824,2.416647336091306e-40
0.003359410935318217,2.39029432053164e-40
0.0033788147561580775,2.36455485707638e-40
0.003398330652677405,2.3394149007273786e-40
0.003417959272220763,2.3148607336466146e-40
0.003437701265871754,2.2908789575088757e-40
0.0034575572884746027,2.2674564860359335e-40
0.0034775279986558978,2.244580537707797e-40
0.003497614058846425,2.2222386286468574e-40
0.003517816135303143,2.200418565670676e-40
0.003538134898131283,2.1791084395094206e-40
0.003558571021306578,2.158296618183939e-40
0.0035791251826976208,2.137971740540653e-40
0.003599798064088333,2.118122709939494e-40
0.0036205903512006063,2.098738688091156e-40
0.0036415027337170273,2.079809089040171e-40
0.003662535905303764,2.0613235732902335e-40
0.0036836905636335694,2.0432720420684045e-40
0.0037049674104089277,2.0256446317248475e-40
0.0037263671513853317,2.0084317082648627e-40
0.003747890496394677,1.991623862010063e-40
0.0037695381593688313,1.975211902385556e-40
0.0037913108583632997,1.959186852830184e-40
0.0038132093155810467,1.943539945826836e-40
0.0038352342573964525,1.9282626180499786e-40
0.0038573864143794045,1.9133465056276103e-40
0.0038796665213195374,1.898783439514897e-40
0.0039020753172505887,1.8845654409768532e-40
0.0039246135454749365,1.870684717177422e-40
0.003947281953588239,1.8571336568724744e-40
0.003970081293504236,1.8439048262042146e-40
0.003993012321479693,1.8309909645945886e-40
0.004016075798139484,1.8183849807353526e-40
0.004039272488501813,1.8060799486724892e-40
0.004062603162003607,1.7940691039827226e-40
0.0040860685925260265,1.7823458400399756e-40
0.00410966955842014,1.7709037043695983e-40
0.004133406842532736,1.7597363950883116e-40
0.004157281232232298,1.7488377574278158e-40
0.004181293519435121,1.7382017803400882e-40
0.004205444500631561,1.7278225931824397e-40
0.004229734976912487,1.717694462480425e-40
0.004254165753995829,1.7078117887667787e-40
0.004278737642253312,1.6981691034945744e-40
0.0043034514567373335,1.6887610660228491e-40
0.004328308017208004,1.6795824606729776e-40
0.004353308148160335,1.6706281938541327e-40
0.004378452678851578,1.6618932912561972e-40
0.004403742443328753,1.6533728951085228e-40
0.004429178280456295,1.6450622615030063e-40
0.004454761033943889,1.6369567577799426e-40
0.004480491552374451,1.6290518599751946e-40
0.004506370689232283,1.6213431503272135e-40
0.004532399302931362,1.6138263148425259e-40
0.004558578256843845,1.6064971409182811e-40
0.004584908419328686,1.5993515150205482e-40
0.004611390663760445,1.5923854204170224e-40
0.004638025868558258,1.5855949349628852e-40
0.004664814917214973,1.578976228938548e-40
0.004691758698326464,1.5725255629380809e-40
0.004718858105621082,1.5662392858071264e-40
0.004746114037989332,1.5601138326291247e-40
0.004773527399513669,1.5541457227587482e-40
0.004801099099498492,1.5483315579014088e-40
0.0048288300525003046,1.5426680202377716e-40
0.00485672117835805,1.5371518705922216e-40
0.004884773402223632,1.5317799466442487e-40
0.004912987654592578,1.5265491611817547e-40
0.0049413648713349315,1.5214565003952866e-40
0.004969905993726283,1.5164990222122605e-40
0.00499861196847899,1.511673854670221e-40
0.005027483747773583,1.5069781943282421e-40
0.005056522289290351,1.5024093047155603e-40
0.005085728556241094,1.4979645148165922e-40
0.005115103517401098,1.4936412175914662e-40
0.005144648147141248,1.48943686853126e-40
0.00517436342546036,1.4853489842471171e-40
0.0052042503380176795,1.4813751410924714e-40
0.005234309876165581,1.4775129738175925e-40
0.005264543036982457,1.4737601742557084e-40
0.005294950823305765,1.4701144900399746e-40
0.005325534243765329,1.4665737233505575e-40
0.005356294312816773,1.4631357296911517e-40
0.005387232050775173,1.4597984166942339e-40
0.005418348483848905,1.4565597429543926e-40
0.005449644644173683,1.4534177168890765e-40
0.005481121569846801,1.4503703956261335e-40
0.0055127803049615405,1.4474158839175174e-40
0.005544621899641845,1.4445523330785477e-40
0.005576647410077121,1.4417779399521409e-40
0.005608857898557286,1.439090945897437e-40
0.005641254433507998,1.436489635802244e-40
0.005673838089526105,1.4339723371187645e-40
0.005706609947415266,1.4315374189220568e-40
0.005739571094221832,1.4291832909907118e-40
0.005772722623270889,1.4269084029092274e-40
0.00580606563420252,1.4247112431915864e-40
0.005839601233008286,1.4225903384255444e-40
0.00587333053206791,1.4205442524371537e-40
0.005907254650186182,1.4185715854750558e-40
0.005941374712630041,1.4166709734140866e-40
0.005975691851165946,1.4148410869777557e-40
0.006010207204097383,1.4130806309791605e-40
0.006044921916302634,1.4113883435799126e-40
0.006079837139272749,1.4097629955666715e-40
0.006114954031149747,1.4082033896448657e-40
0.006150273756765034,1.4067083597492258e-40
0.006185797487678013,1.4052767703707346e-40
0.006221526402214988,1.403907515899614e-40
0.0062574616855082185,1.4025995199839984e-40
0.006293604529535244,1.4013517349039225e-40
0.006329956133158416,1.4001631409602726e-40
0.006366517702164664,1.3990327458783777e-40
0.0064032904493055015,1.3979595842258861e-40
0.006440275594337228,1.3969427168446158e-40
0.006477474364061423,1.3959812302960532e-40
0.0065148879923656155,1.3950742363201997e-40
0.006552517720264219,1.3942208713074499e-40
0.0065903647959396966,1.3934202957832202e-40
0.0066284304747839685,1.3926716939050253e-40
0.006666716019440027,1.3919742729717355e-40
0.00670522269984386,1.3913272629447248e-40
0.006743951793266547,1.390729915980651e-40
0.006782904584356633,1.3901815059756023e-40
0.006822082365182739,1.3896813281203575e-40
0.006861486435276425,1.3892286984665027e-40
0.006901118101675299,1.3888229535031656e-40
0.006940978678966341,1.3884634497441308e-40
0.0069810694893295555,1.388149563325099e-40
0.007021391862581798,1.3878806896108652e-40
0.00706194713622089,1.3876562428121915e-40
0.007102736655469988,1.3874756556121653e-40
0.0071437617733222025,1.3873383788018213e-40
0.007185023850585484,1.3872438809248276e-40
0.00722652425592773,1.387191647931036e-40
0.007268264365922236,1.387181182838694e-40
0.007310245565093315,1.3872120054051247e-40
0.00735246924596224,1.3872836518057042e-40
0.007394936809093429,1.3873956743209287e-40
0.007437649663140911,1.3875476410314105e-40
0.00748060922489502,1.3877391355206256e-40
0.007523816919329437,1.3879697565852334e-40
0.007567274179648425,1.3882391179528165e-40
0.007610982447334376,1.3885468480068661e-40
0.007654943172195625,1.388892589518865e-40
0.0076991578124145435,1.3892759993873011e-40
0.00774362783459591,1.3896967483834758e-40
0.007788354713815532,1.390154520903947e-40
0.007833339933669215,1.3906490147294727e-40
0.007878584986321949,1.3911799407903075e-40
0.007924091372557404,1.39174702293772e-40
0.00796986060182772,1.3923499977215957e-40
0.008015894192303568,1.3929886141739973e-40
0.008062193670924521,1.3936626335985494e-40
0.008108760573449668,1.3943718293655327e-40
0.008155596444508603,1.395115986712557e-40
0.00820270283765263,1.395894902550703e-40
0.008250081315406305,1.3967083852760127e-40
0.008297733449319257,1.3975562545862157e-40
0.008345660820018336,1.3984383413025869e-40
0.008393865017259998,1.3993544871968207e-40
0.008442347639983097,1.4003045448228258e-40
0.008491110296361879,1.4012883773533335e-40
0.008540154603859346,1.4023058584212174e-40
0.008589482189280895,1.4033568719654376e-40
0.008639094688828286,1.404441312081504e-40
0.008688993748153925,1.4055590828763736e-40
0.008739181022415408,1.406710098327688e-40
0.008789658176330487,1.4078942821472681e-40
0.008840426884232241,1.4091115676487734e-40
0.008891488830124632,1.4103618976194516e-40
0.00894284570773836,1.411645224195886e-40
0.008994499220587043,1.4129615087436754e-40
0.009046451082023737,1.4143107217409567e-40
0.009098703015297725,1.4156928426656994e-40
0.009151256753611732,1.417107859886707e-40
0.009204114040179392,1.4185557705582354e-40
0.009257276628283061,1.4200365805181792e-40
0.009310746281331985,1.4215503041897434e-40
0.009364524772920803,1.4230969644865412e-40
0.009418613886888331,1.4246765927210504e-40
0.009473015417376798,1.42628922851637e-40
0.009527731168891312,1.4279349197212143e-40
0.009582762956359731,1.4296137223280744e-40
0.009638112605192865,1.4313257003945154e-40
0.009693781951345019,1.4330709259675204e-40
0.009749772841374908,1.4348494790108562e-40
0.00980608713250686,1.4366614473353803e-40
0.009862726692692489,1.4385069265322654e-40
0.009919693400672615,1.4403860199090662e-40
0.009976989146039582,1.442298838428593e-40
0.010034615829299943,1.4442455006505434e-40
0.010092575361937507,1.4462261326758393e-40
0.010150869666476737,1.4482408680936357e-40
0.01020950067654649,1.4502898479309372e-40
0.01026847033694422,1.452373220604811e-40
0.010327780603700442,1.4544911418771206e-40
0.010387433444143614,1.4566437748117637e-40
0.010447430836965413,1.4588312897343713e-40
0.010507774772286356,1.4610538641944203e-40
0.010568467251721822,1.463311682929735e-40
0.010629510288448413,1.465604937833331e-40
0.010690905907270783,1.4679338279225838e-40
0.010752656144688772,1.4702985593106656e-40
0.010814763048964953,1.4726993451802387e-40
0.010877228680192584,1.4751364057593643e-40
0.010940055110363946,1.4776099682995975e-40
0.011003244423439034,1.4801202670562383e-40
0.011066798715414744,1.4826675432707165e-40
0.011130720094394348,1.4852520451550767e-40
0.011195010680657442,1.4878740278785393e-40
0.011259672606730272,1.4905337535561109e-40
0.011324708017456461,1.4932314912392251e-40
0.011390119070068183,1.495967516908383e-40
0.011455907934257655,1.49874211346777e-40
0.011522076792249187,1.5015555707418423e-40
0.011588627838871513,1.5044081854738375e-40
0.01165556328163061,1.5073002613262115e-40
0.011722885340782922,1.5102321088829706e-40
0.011790596249408999,1.5132040456538806e-40
0.011858698253487588,1.5162163960805439e-40
0.011927193611970083,1.5192694915443155e-40
0.011996084596855526,1.5223636703760516e-40
0.012065373493265913,1.5254992778676722e-40
0.012135062599522024,1.5286766662855218e-40
0.012205154227219637,1.531896194885515e-40
0.01227565070130623,1.5351582299300575e-40
0.012346554360158041,1.5384631447067227e-40
0.012417867555657719,1.5418113195486869e-40
0.01248959265327227,1.5452031418568885e-40
0.012561732032131552,1.5486390061239257e-40
0.012634288085107168,1.55211931395967e-40
0.012707263218891858,1.5556444741185887e-40
0.012780659854079333,1.5592149025287688e-40
0.012854480425244516,1.5628310223226348e-40
0.012928727381024371,1.5664932638693585e-40
0.013003403184199082,1.5702020648089452e-40
0.013078510311773745,1.5739578700880003e-40
0.013154051255060544,1.5777611319971638e-40
0.013230028519761372,1.581612310210216e-40
0.013306444626050977,1.5855118718248479e-40
0.013383302108660487,1.589460291405085e-40
0.013460603516961574,1.5934580510253862e-40
0.013538351415050966,1.5975056403163846e-40
0.013616548381835512,1.6016035565122951e-40
0.013695197011117717,1.6057523044999756e-40
0.013774299911681798,1.6099523968696445e-40
0.013853859707380164,1.6142043539672581e-40
0.013933879037220532,1.6185087039485516e-40
0.0140143605554534,1.62286598283473e-40
0.014095306931660116,1.6272767345698422e-40
0.014176720850841415,1.6317415110798045e-40
0.014258605013506492,1.6362608723331088e-40
0.014340962135762586,1.6408353864032056e-40
0.014423794949405017,1.6454656295325625e-40
0.014507106202007885,1.6501521861984222e-40
0.014590898657015157,1.654895649180245e-40
0.014675175093832333,1.659696619628857e-40
0.014759938307918653,1.6645557071373062e-40
0.014845191110879811,1.669473529813435e-40
0.014930936330561239,1.6744507143541833e-40
0.01501717681114184,1.6794878961216162e-40
0.015103915413228428,1.6845857192207125e-40
0.015191155013950549,1.6897448365788919e-40
0.015278898507055931,1.6949659100273196e-40
0.015367148803006473,1.7002496103839907e-40
0.0154559088290748,1.705596617538593e-40
0.015545181529441291,1.7110076205391834e-40
0.015634969865291847,1.7164833176806829e-40
0.015725276814916037,1.7220244165951915e-40
0.01581610537380591,1.7276316343441578e-40
0.01590745855475536,1.7333056975124024e-40
0.015999339387960047,1.739047342304022e-40
0.01609175092111794,1.7448573146401822e-40
0.01618469621953034,1.750736370258817e-40
0.016278178366203648,1.7566852748162616e-40
0.016372200461951567,1.7627048039908218e-40
0.016466765625497985,1.768795743588309e-40
0.016561876993580398,1.7749588896495547e-40
0.016657537721053977,1.7811950485599272e-40
0.016753750980996223,1.7875050371608691e-40
0.01685051996481216,1.7938896828634726e-40
0.016947847882340276,1.8003498237641245e-40
0.017045737961958945,1.8068863087622276e-40
0.017144193450693526,1.813499997680034e-40
0.017243217614324062,1.8201917613846033e-40
0.017342813737493606,1.8269624819119172e-40
0.017442985123817197,1.8338130525931646e-40
0.017543735095991362,1.840744378183232e-40
0.017645066995904447,1.847757374991419e-40
0.017746984184747384,1.8548529710143983e-40
0.017849490043125218,1.8620321060714594e-40
0.017952587971169217,1.8692957319420446e-40
0.018056281388649703,1.876644812505626e-40
0.018160573735089384,1.8840803238839227e-40
0.018265468469877574,1.8916032545855194e-40
0.018370969072384856,1.899214605652879e-40
0.018477079042078515,1.9069153908118063e-40
0.018583801898638626,1.914706636623375e-40
0.01869114118207478,1.9225893826383534e-40
0.018799100452843547,1.9305646815541535e-40
0.018907683291966487,1.9386335993743394e-40
0.01901689330114906,1.946797215570729e-40
0.0191267341029,1.9550566232480978e-40
0.019237209340651516,1.963412929311543e-40
0.01934832267888012,1.9718672546365222e-40
0.019460077803228202,1.9804207342416023e-40
0.019572478420626288,1.9890745174639505e-40
0.019685528259415924,1.9978297681375917e-40
0.019799231069473466,2.0066876647744862e-40
0.01991359062233438,2.0156494007484304e-40
0.02002861071131837,2.024716184481827e-40
0.020144295151655205,2.033889239635364e-40
0.020260647780611277,2.0431698053006207e-40
0.020377672457616815,2.0525591361956337e-40
0.020495373064394026,2.062058502863474e-40
0.02061375350508576,2.0716691918738347e-40
0.020732817706385038,2.0813925060276956e-40
0.020852569617665302,2.091229764565062e-40
0.020973013211111415,2.101182303375844e-40
0.021094152481851435,2.111251475213875e-40
0.02121599144808906,2.121438649914118e-40
0.021338534151237022,2.1317452146130956e-40
0.021461784656051083,2.1421725739725508e-40
0.021585747050764853,2.152722150406384e-40
0.021710425447225425,2.1633953843108974e-40
0.021835823981029744,2.1741937342983596e-40
0.021961946811661824,2.185118677433936e-40
0.02208879812263062,2.1961717094759832e-40
0.02221638212160893,2.2073543451197774e-40
0.022344703040572882,2.2186681182446504e-40
0.022473765135942313,2.2301145821645873e-40
0.022603572688721985,2.2416953098823087e-40
0.02273413000464358,2.2534118943468374e-40
0.022865441414308442,2.2652659487145756e-40
0.02299751127333137,2.277259106613948e-40
0.02313034396248499,2.2893930224135535e-40
0.023263943887845084,2.3016693714939018e-40
0.02339831548093676,2.314089850522725e-40
0.02353346319888143,2.3266561777338733e-40
0.02366939152454468,2.339370093209804e-40
0.023806104966684876,2.352233359167662e-40
0.023943608060102862,2.3652477602489937e-40
0.024081905365792276,2.3784151038130313e-40
0.02422100147109088,2.391737220233604e-40
0.024360900989832703,2.4052159631996358e-40
0.0245016085625011,2.4188532100192467e-40
0.02464312885638268,2.432650861927428e-40
0.024785466565722055,2.4466108443972772e-40
0.024928626411877663,2.460735107454809e-40
0.02507261314347829,2.475025625997265e-40
0.02521743153658062,2.4894844001149508e-40
0.025363086394827636,2.5041134554165333e-40
0.025509582549607997,2.518914843357784e-40
0.02565692486021619,2.5338906415737312e-40
0.025805118214013868,2.54904295421417e-40
0.02595416752659185,2.564373912282486e-40
0.02610407774193322,2.5798856739777372e-40
0.0262548538325773,2.595580425039947e-40
0.0264065007997846,2.6114603790985343e-40
0.026559023673702734,2.627527778023811e-40
0.026712427513533157,2.643784892281471e-40
0.026866717407699157,2.6602340212900138e-40
0.027021898474014514,2.6768774937809707e-40
0.02717797585985329,2.6937176681618686e-40
0.027334954742320578,2.7107569328818276e-40
0.027492840328424212,2.727997706799668e-40
0.027651637855247525,2.7454424395544298e-40
0.027811352590122938,2.7630936119381463e-40
0.027971989830806867,2.7809537362708047e-40
0.02813355490565531,2.799025356777248e-40
0.028296053173800642,2.8173110499659883e-40
0.02845949002532937,2.8358134250096566e-40
0.028623870881460914,2.854535124127017e-40
0.02878920119472747,2.873478822966312e-40
0.028955486449154754,2.8926472309897377e-40
0.02912273216044407,2.9120430918589268e-40
0.029290943876155162,2.9316691838211347e-40
0.029460127175890263,2.9515283200959814e-40
0.02963028767147915,2.9716233492624712e-40
0.029801431007165334,2.9919571556460962e-40
0.029973562859793156,3.0125326597057e-40
0.03014668893899627,3.0333528184199347e-40
0.030320814987386917,3.0544206256729297e-40
0.03049594678074642,3.0757391126389554e-40
0.030672090128216787,3.0973113481657474e-40
0.0308492508724934,3.1191404391561943e-40
0.031027434890018833,3.141229530948039e-40
0.031206648091177663,3.1635818076912607e-40
0.0313868964204927,3.18620049272282e-40
0.03156818585682205,3.2090888489383255e-40
0.03175052241355745,3.232250179160311e-40
0.03193391213882376,3.2556878265026822e-40
0.03211836111567954,3.2794051747309495e-40
0.0323038754623189,3.303405648617826e-40
0.03249046133227429,3.3276927142937055e-40
0.0326781249146208,3.3522698795916647e-40
0.03286687243418134,3.3771406943864215e-40
0.03305671015173315,3.4023087509268404e-40
0.033247644364215456,3.4277776841614686e-40
0.03343968140493838,3.453551172056599e-40
0.03363282764379289,3.4796329359063328e-40
0.033827089487462284,3.5060267406341484e-40
0.03402247337963458,3.532736395085376e-40
0.03421898580121625,3.5597657523100604e-40
0.03441663327054725,3.5871187098356344e-40
0.034615422343617176,3.6147992099288157e-40
0.034815359614282795,3.6428112398461615e-40
0.03501645171448662,3.671158832072617e-40
0.03521870531447711,3.699846064547556e-40
0.03542212712302975,3.728877060877582e-40
0.03562672388766965,3.7582559905355225e-40
0.03583250239489536,3.787987069044999e-40
0.036039469470403956,3.81807455814987e-40
0.03624763197931751,3.848522765967988e-40
0.03645699682641063,3.879336047128527e-40
0.03666757095633976,3.910518802892357e-40
0.03687936135387333,3.9420754812546866e-40
0.037092375044123535,3.974010577029426e-40
0.03730661909277932,4.006328631914581e-40
0.037522100606340786,4.039034234538058e-40
0.037738826732354805,4.072132020483233e-40
0.03795680465965228,4.105626672293726e-40
0.03817604161858648,4.139522919456676e-40
0.0383965448812729,4.173825538364011e-40
0.03861832176183047,4.208539352251098e-40
0.03884137961662419,4.2436692311122454e-40
0.039065725844509146,4.279220091592485e-40
0.039291367887075795,4.315196896855177e-40
0.03951831322889705,4.3516046564249905e-40
0.03974656939777636,4.388448426005713e-40
0.03997614396499746,4.425733307272615e-40
0.04020704454557553,4.463464447638954e-40
0.04043927879850973,4.501647039996304e-40
0.04067285442703737,4.540286322428495e-40
0.0409077791788892,4.5793875778989024e-40
0.04114406084654667,4.618956133911029e-40
0.041381707267500255,4.658997362142237e-40
0.041620726324509444,4.699516678050656e-40
0.041861125945864226,4.74051954045536e-40
0.042102914105648134,4.782011451089976e-40
0.042346098824002525,4.823997954129937e-40
0.04259068816739291,4.866484635693835e-40
0.04283669024887633,4.909477123319206e-40
0.04308411322837052,4.95298108541339e-40
0.04333296531292455,4.99700223068017e-40
0.04358325475699109,5.041546307522941e-40
0.043834989862700235,5.086619103425424e-40
0.04408817898013471,5.132226444310941e-40
0.044342830507607095,5.178374193881619e-40
0.044598952891938264,5.225068252938781e-40
0.04485655462873756,5.2723145586861906e-40
0.04511564426268465,5.3201190840178665e-40
0.04537623038781288,5.368487836792419e-40
0.04563832164779447,5.4174268590960274e-40
0.04590192673622699,5.466942226496366e-40
0.046167054396921994,5.517040047290143e-40
0.04643371342419492,5.5677264617468855e-40
0.04670191266315677,5.619007641352062e-40
0.046971661010007604,5.670889788052833e-40
0.04724296741233153,5.7233791335098484e-40
0.047515840869393595,5.776481938358994e-40
0.0477902904324381,5.83020449148697e-40
0.0480663252049891,5.884553109325286e-40
0.048343954343152196,5.939534135167039e-40
0.04862318705591827,5.995153938511609e-40
0.04890403260546896,6.051418914442449e-40
0.04918650030748395,6.108335483043537e-40
0.049470599531449756,6.1659100888603815e-40
0.04975633970097081,6.224149200411959e-40
0.05004373029408187,6.283059309759968e-40
0.0503327808435624,6.342646932142496e-40
0.050623500937252854,6.402918605679382e-40
0.050915900218372626,6.4638808911569125e-40
0.051209988385840025,6.525540371899929e-40
0.051505775194593754,6.5879036537397526e-40
0.05180327045591681,6.650977365086797e-40
0.052102484037761694,6.7147681571169056e-40
0.052403425865077805,6.779282704081143e-40
0.05270610592014066,6.844527703748862e-40
0.05301053424288297,6.910509877994442e-40
0.05331672093122776,6.977235973538373e-40
0.05362467614142308,7.0447127628536756e-40
0.05393441008837921,7.112947045249272e-40
0.05424593304600729,7.18194564814185e-40
0.05455925534756016,7.251715428528485e-40
0.054874387385975096,7.322263274672414e-40
0.055191339614218606,7.393596108014681e-40
0.055510122545632964,7.465720885324691e-40
0.05583074675428522,7.538644601103015e-40
0.05615322287531777,7.612374290249903e-40
0.05647756160530116,7.686917031013243e-40
0.05680377370258887,7.76227994822993e-40
0.057131869987674215,7.838470216874656e-40
0.057461861343549296,7.915495065930295e-40
0.057793758716065735,7.993361782593969e-40
0.05812757311429815,8.072077716833266e-40
0.058463315610909054,8.151650286306414e-40
0.05880099734251622,8.23208698166074e-40
0.05914062951006204,8.313395372223138e-40
0.05948222337918514,8.39558311209628e-40
0.059825790280594045,8.478657946673835e-40
0.06017134161044281,8.562627719587594e-40
0.060518888830709404,8.647500380099198e-40
0.06086844346957566,8.73328399094805e-40
0.0612200171218097,8.819986736666889e-40
0.06157362144915057,8.907616932375437e-40
0.061929268180695114,8.996183033061777e-40
0.062286969113286746,9.085693643359984e-40
0.06264673611190719,9.176157527831826e-40
0.06300858111006974,9.267583621758483e-40
0.06337251611021516,9.359981042447575e-40
0.06373855318410987,9.453359101058816e-40
0.06410670447324629,9.547727314950114e-40
0.06447698218924566,9.64309542054429e-40
0.0648493986142629,9.739473386714358e-40
0.06522396610139428,9.836871428683605e-40
0.06560069707508705,9.935300022433985e-40
0.06597960403155152,1.0034769919614306e-39
0.06636069953917566,1.013529216293685e-39
0.06674399623894185,1.0236878102048392e-39
0.06712950684484642,1.0339539409858563e-39
0.06751724414432098,1.044328809930528e-39
0.06790722099865702,1.0548136540534016e-39
0.0682994503434323,1.0654097478463452e-39
0.06869394518893988,1.0761184050707128e-39
0.06909071862061984,1.0869409805816273e-39
0.06948978379949321,1.0978788721805196e-39
0.06989115396259839,1.10893352249162e-39
0.07029484242343055,1.1201064208576813e-39
0.07070086257238302,1.1313991052497176e-39
0.07110922787719148,1.1428131641850958e-39
0.07151995188338071,1.1543502386478162e-39
0.0719330482147139,1.166012024004318e-39
0.0723485305736446,1.177800271907619e-39
0.07276641274177094,1.1897167921820709e-39
0.07318670858029327,1.2017634546805114e-39
0.07360943203047354,1.213942191104972e-39
0.07403459711409792,1.2262549967816258e-39
0.07446221793394177,1.2387039323800716e-39
0.07489230867423757,1.2512911255665016e-39
0.0753248836011454,1.2640187725797504e-39
0.0757599570632259,1.2768891397186764e-39
0.07619754349191658,1.289904564728829e-39
0.07663765740201034,1.3030674580757636e-39
0.07708031339213688,1.316380304091952e-39
0.077525526145247,1.3298456619836942e-39
0.07797331042909966,1.3434661666840322e-39
0.07842368109675185,1.357244529537223e-39
0.07887665308705097,1.3711835387999662e-39
0.07933224142513083,1.3852860599442818e-39
0.07979046122290974,1.399555035746578e-39
0.08025132767959182,1.4139934861473271e-39
0.0807148560821712,1.4286045078655435e-39
0.08118106180593909,1.4433912737522137e-39
0.08164996031499358,1.4583570318668191e-39
0.08212156716275297,1.47350510426119e-39
0.08259589799247138,1.488838885455105e-39
0.08307296853775777,1.504361840588357e-39
0.08355279462309773,1.5200775032344044e-39
0.08403539216437847,1.5359894728612782e-39
0.0845207771694168,1.55210141192604e-39
0.08500896573848979,1.5684170425899342e-39
0.08549997406486926,1.5849401430423125e-39
0.08599381843535865,1.601674543422513e-39
0.08649051523083333,1.618624121330169e-39
0.08699008092678392,1.635792796915891e-39
0.08749253209386283,1.6531845275458798e-39
0.08799788539843392,1.6708033020358872e-39
0.08850615760312508,1.6886531344519506e-39
0.08901736556738468,1.706738057477603e-39
0.08953152624804052,1.7250621153496508e-39
0.09004865669986233,1.7436293563673267e-39
0.09056877407612748,1.762443824982492e-39
0.09109189562919012,1.7815095534816638e-39
0.09161803871105295,1.800830553273948e-39
0.09214722077394347,1.8204108058026055e-39
0.09267945937089239,1.8402542531015776e-39
0.09321477215631606,1.8603647880224567e-39
0.09375317688660197,1.8807462441614745e-39
0.09429469142069782,1.9014023855205065e-39
0.09483933372070395,1.922336895940679e-39
0.09538712185246877,1.9435533683518856e-39
0.09593807398618857,1.9650552938865212e-39
0.0964922083970099,1.9868460509106654e-39
0.09704954346563574,2.008928894031228e-39
0.09761009767893536,2.0313069431427588e-39
0.09817388963055734,2.053983172582963e-39
0.0987409380215466,2.0769604004712726e-39
0.09931126166096416,2.100241278310149e-39
0.09988487946651176,2.123828280934094e-39
0.10046181046515898,2.1477236968963978e-39
0.10104207379377404,2.1719296193887108e-39
0.10162568869975963,2.1964479377934034e-39
0.10221267454168981,2.221280329972891e-39
0.1028030507899538,2.246428255404718e-39
0.10339683702740023,2.2718929492744616e-39
0.10399405294998822,2.2976754176423016e-39
0.10459471836743936,2.3237764338013724e-39
0.1051988532038954,2.3501965359485284e-39
0.1058064774985797,2.3769360262892596e-39
0.10641761140646058,2.4039949716990896e-39
0.10703227519892144,2.4313732060637416e-39
0.10765048926443153,2.459070334418579e-39
0.10827227410922392,2.4870857390060265e-39
0.1088976503579742,2.5154185873654954e-39
0.10952663875448526,2.5440678425660893e-39
0.11015926016237598,2.573032275685865e-39
0.1107955355657718,2.602310480633741e-39
0.11143548607000249,2.631900891401417e-39
0.11207913290230044,2.6618018018213006e-39
0.11272649741250661,2.6920113878946426e-39
0.11337760107377705,2.7225277327392356e-39
0.11403246548329589,2.753348854190629e-39
0.11469111236299244,2.78447273507252e-39
0.11535356356026003,2.8158973561323248e-39
0.11601984104868258,2.8476207316165566e-39
0.11668996692876164,2.879640947436552e-39
0.11736396342865123,2.9119562018502563e-39
0.11804185290489363,2.9445648485578706e-39
0.11872365784316158,2.977465442080595e-39
0.11940940085900484,3.0106567852606585e-39
0.12009910469859876,3.0441379786883875e-39
0.1207927922395006,3.0779084718286934e-39
0.1214904864914065,3.111968115583735e-39
0.12219221059691662,3.146317215993105e-39
0.12289798783230116,3.180956588735333e-39
0.12360784160827304,3.21588761405779e-39
0.1243217954707653,3.25111229172414e-39
0.1250398731017103,3.286633295531113e-39
0.12576209831982732,3.322454026910071e-39
0.12648849508141077,3.358578667092485e-39
0.12721908748112573,3.395012227284889e-39
0.1279538997528078,3.431760596266386e-39
0.12869295627026517,3.4688305847922796e-39
0.12943628154808923,3.506229966161565e-39
0.13018390024246562,3.543967512282934e-39
0.13093583715199414,3.582053024556856e-39
0.13169211721850949,3.620497358877872e-39
0.1324527655279094,3.659312444055206e-39
0.13321780731098753,3.6985112929493187e-39
0.1339872679442685,3.738108005629295e-39
0.13476117295085177,3.778117763871911e-39
0.13553954800125614,3.818556816346667e-39
0.13632241891427332,3.859442453865774e-39
0.13710981165782252,3.900792974121078e-39
0.13790175234981258,3.942627635385494e-39
0.13869826725900916,3.9849665987220066e-39
0.13949938280590413,4.0278308583211936e-39
0.14030512556359417,4.071242159678677e-39
0.1411155222586599,4.115222905425554e-39
0.1419305997720548,4.159796048740748e-39
0.14275038513999477,4.204984974400764e-39
0.14357490555485572,4.2508133676630244e-39
0.14440418836607657,4.297305071330316e-39
0.14523826108106427,4.344483931507015e-39
0.14607715136610866,4.392373632732193e-39
0.1469208870472977,4.4409975233572006e-39
0.1477694961114429,4.490378432228061e-39
0.14862300670700565,4.540538477930277e-39
0.14948144714503153,4.5914988720579554e-39
0.15034484590009067,4.6432797181745076e-39
0.15121323161121977,4.695899808338505e-39
0.1520866330828748,4.7493764192728025e-39
0.1529650792858838,4.8037251104524715e-39
0.15384859935841033,4.858959526577922e-39
0.15473722260691797,4.9150912070758315e-39
0.15563097850714316,4.972129405432607e-39
0.15652989670507395,5.0300809213054434e-39
0.15743400701793117,5.088949948472418e-39
0.15834333943516,5.148737941771036e-39
0.15925792411942236,5.209443506227751e-39
0.16017779140759858,5.271062311597845e-39
0.16110297181179456,5.3335870355078524e-39
0.16203349602035153,5.397007338319019e-39
0.1629693948988666,5.4613098727063425e-39
0.16391069949121412,5.526478330766411e-39
0.1648574410205778,5.5924935312299585e-39
0.16580965089048427,5.6593335490531915e-39
0.16676736068584558,5.726973889298329e-39
0.167730602174008,5.7953877067824454e-39
0.16869940730580335,5.864546072476217e-39
0.16967380821661154,5.934418287071064e-39
0.17065383722742367,6.004972241502547e-39
0.171639526845917,6.076174823527723e-39
0.17263090976753082,6.147992368701806e-39
0.17362801887655183,6.220391153297124e-39
0.1746308872472062,6.293337925856555e-39
0.17563954814475402,6.36680047318581e-39
0.1766540350265956,6.440748215675561e-39
0.17767438154337833,6.515152825913262e-39
0.17870062154011596,6.589988863616395e-39
0.17973278905730844,6.665234419001723e-39
0.18077091833207234,6.740871755824339e-39
0.18181504379927746,6.816887944488095e-39
0.18286520009268661,6.893275474870231e-39
0.1839214220461072,6.970032837838718e-39
0.18498374469454387,7.047165063890812e-39
0.18605220327536348,7.124684206934139e-39
0.1871268332294614,7.202609760984731e-39
0.18820767020243812,7.280968997499372e-39
0.18929475004578283,7.35979721120998e-39
0.19038810881805995,7.43913786270982e-39
0.1914877827861082,7.519042606675581e-39
0.19259380842624058,7.599571195508649e-39
0.19370622242545732,7.680791249363554e-39
0.19482506168266012,7.762777885004647e-39
0.19595036330987717,7.845613197705484e-39
0.1970821646334955,7.929385592473595e-39
0.1982205031954962,8.014188963243042e-39
0.19936541675470287,8.10012172131583e-39
0.20051694328803102,8.187285677225873e-39
0.2016751209917508,8.275784783323684e-39
0.20283998828275138,8.365723747691491e-39
0.20401158379981613,8.457206533457924e-39
0.20518994640490584,8.550334761127785e-39
0.2063751151844447,8.645206035114454e-39
0.20756712945062017,8.74191221918819e-39
0.20876602874268405,8.840537688946825e-39
0.2099718528282652,8.941157592594682e-39
0.21118464170469003,9.043836154178831e-39
0.21240443560030614,9.148625055883724e-39
0.21363127497582013,9.255561937922171e-39
0.21486520052563632,9.364669055874514e-39
0.2161062531792099,9.4759521359226e-39
0.21735447410240172,9.589399468193417e-39
0.21860990469884492,9.704981277286015e-39
0.21987258661131961,9.822649406915427e-39
0.22114256172313124,9.942337352405954e-39
0.22241987215950323,1.0063960670453154e-38
0.2237045602889708,1.0187417790116364e-38
0.2249966687247899,1.031259124240533e-38
0.22629624032634763,1.0439349318101303e-38
0.22760331820058502,1.056754815467141e-38
0.22891794570342855,1.069703424337824e-38
0.23024016644122483,1.0827647337088235e-38
0.2315700242721909,1.0959223728010928e-38
0.23290756330786508,1.1091599852857197e-38
0.23425282791457416,1.122461617094528e-38
0.23560586271490153,1.1358121248880933e-38
0.23696671258916877,1.1491975973924622e-38
0.2383354226769259,1.1626057807373783e-38
0.23971203837844518,1.1760264979614613e-38
0.2410966053562309,1.189452052032841e-38
0.2424891695365302,1.202877601106845e-38
0.24388977711086035,1.2163014943464791e-38
0.24529847453753736,1.2297255565040582e-38
0.2467153085432187,1.2431553096403277e-38
0.2481403261244545,1.256600120871349e-38
0.24957357454924314,1.2700732659094601e-38
0.251015101358603,1.283591899421071e-38
0.2524649543681454,1.2971769248692682e-38
0.2539231816696648,1.3108527585427742e-38
0.2553898316327303,1.3246469848797726e-38
0.2568649529062917,1.3385899029496443e-38
0.2583485944202947,1.3527139670152914e-38
0.25984080538730026,1.367053127407477e-38
0.2613416353041212,1.3816420814286632e-38
0.2628511339534604,1.396515447579453e-38
0.2643693514055635,1.4117068799656335e-38
0.2658963380198815,1.4272481431826046e-38
0.26743214444673746,1.4431681711621088e-38
0.2689768216290106,1.4594921362703957e-38
0.2705304208038222,1.4762405572286785e-38
0.2720929935042391,1.4934284760488956e-38
0.2736645915609795,1.5110647350052004e-38
0.27524526710413355,1.5291513845717236e-38
0.27683507256489454,1.547683252140803e-38
0.2784340606772938,1.566647699107502e-38
0.28004228447995466,1.5860245905082695e-38
0.281659797317847,1.6057864968098127e-38
0.2832866528440615,1.6258991416771093e-38
0.28492290502158507,1.6463221026678697e-38
0.2865686081250926,1.6670097639182997e-38
0.28822381674274916,1.6879125111646387e-38
0.2898885857780164,1.7089781501053713e-38
0.2915629704514786,1.7301535194204419e-38
0.2932470263026694,1.7513862600449378e-38
0.29494080919191895,1.7726266929103803e-38
0.29664437530220256,1.7938297487132579e-38
0.29835778114100625,1.8149568857720861e-38
0.30008108354220264,1.8359779261214894e-38
0.30181433966793214,1.8568727360912603e-38
0.3035576070105038,1.8776326761301238e-38
0.3053109433942974,1.8982617459111318e-38
0.30707440697768645,1.9187773550860334e-38
0.3088480562549631,1.9392106576337465e-38
0.31063195005828004,1.9596063986595585e-38
0.312426147559604,1.9800222366982638e-38
0.3142307082726741,2.0005275218615576e-38
0.3160456920549808,2.0212015301912564e-38
0.3178711591097466,2.0421311768094128e-38
0.31970716998792786,2.0634082542026495e-38
0.32155378559021885,2.085126266384797e-38
0.32341106716907375,2.107376953752551e-38
0.3252790763307405,2.130246626064963e-38
0.32715787503729943,2.1538124409408658e-38
0.3290475256087241,2.178138781343282e-38
0.3309480907249429,2.2032738964876852e-38
0.3328596334279238,2.229246975335968e-38
0.33478221712376044,2.256065819329014e-38
0.33671590558477754,2.2837152704998186e-38
0.33866076295164815,2.312156532114325e-38
0.34061685373551664,2.3413274913859825e-38
0.34258424282014377,2.371144117894035e-38
0.34456299546405417,2.401502967854836e-38
0.3465531773027031,2.432284774591631e-38
0.3485548543506556,2.4633590511522784e-38
0.3505680930037714,2.494589574243326e-38
0.3525929600414128,2.525840562111666e-38
0.35462952262865405,2.5569833056803403e-38
0.3566778483185152,2.5879029653330925e-38
0.3587380050541975,2.618505208521333e-38
0.3608100611713393,2.648722339032039e-38
0.36289408540028517,2.6785185602129587e-38
0.36499014686836034,2.707894024121528e-38
0.36709831510216956,2.7368873481621375e-38
0.3692186600298975,2.7655763311104813e-38
0.3713512519836342,2.7940766712189365e-38
0.3734961617017027,2.822538578843871e-38
0.3756534603310076,2.8511412819108554e-38
0.3778232194293976,2.880085540367283e-38
0.3800055109680336,2.9095844101153464e-38
0.38220040733378174,2.9398526211883214e-38
0.38440798133160897,2.971095051658219e-38
0.3866283061870038,3.003494879928965e-38
0.38886145554839974,3.0372020755448467e-38
0.39110750348962087,3.072322934696289e-38
0.3933665245123407,3.1089113744537615e-38
0.3956385935485486,3.146962664172753e-38
0.3979237859630409,3.186410190373461e-38
0.4002221775559149,3.2271257222331663e-38
0.40253384456508934,3.2689234712293625e-38
0.40485886366882773,3.3115680263612354e-38
0.407197311988284,3.3547860051060415e-38
0.4095492670900633,3.3982810024497454e-38
0.41191480698878885,3.4417511614498645e-38
0.4142940101496967,3.4849084465032044e-38
0.4166869554912314,3.527498493690915e-38
0.41909372238767073,3.569319760186995e-38
0.4215143906717524,3.610240614315073e-38
0.4239490406373248,3.650213014142587e-38
0.42639775304201294,3.6892815258393197e-38
0.4288606091098911,3.7275866379130716e-38
0.43133769053418397,3.76536163135493e-38
0.4338290794799704,3.8029226582918293e-38
0.43633485858691134,3.8406521443437376e-38
0.4388551109719938,3.8789761359241845e-38
0.44138992023228135,3.91833672958131e-38
0.4439393704476947,3.9591612071579197e-38
0.4465035461837929,4.0018299160693383e-38
0.4490825324945859,4.0466452364035115e-38
0.45167641492534955,4.093804127396787e-38
0.4542852795154656,4.1433767139674674e-38
0.45690921280127855,4.195293139223975e-38
0.4595483018189596,4.249340465398885e-38
0.46220263410740114,4.3051707646854123e-38
0.46487229771111277,4.3623207327058525e-38
0.46755738118314943,4.420242229239745e-38
0.4702579735880421,4.4783421689176527e-38
0.4729741645047547,4.536029228142661e-38
0.4757060440296587,4.5927639913900993e-38
0.4784537027795146,4.6481085198551713e-38
0.48121723189448534,4.701770971414373e-38
0.4839967230411521,4.75364090114794e-38
0.4867922684155622,4.803811270484487e-38
0.4896039607462808,4.85258400293509e-38
0.49243189329746934,4.900457120329892e-38
0.4952761598719823,4.948093009624582e-38
0.4981368548144716,4.99626910055792e-38
0.5010140730145242,5.045814036863119e-38
0.5039079099098012,5.097534129849709e-38
0.5068184614892118,5.152136311070312e-38
0.5097458242960905,5.210154771965578e-38
0.5126900954314018,5.271888836919886e-38
0.5156513725569646,5.337359248540261e-38
0.5186297538986845,5.406288897533097e-38
0.52162533824982,5.478112127261841e-38
0.5246382249742512,5.552014192307512e-38
0.5276685140097842,5.626999443727488e-38
0.5307163058714586,5.701983620329475e-38
0.5337817016548848,5.775902571967849e-38
0.5368648030396006,5.847827183618298e-38
0.5399657122924362,5.917072556455461e-38
0.5430845322709154,5.98328893410084e-38
0.5462213664266582,6.046522646999002e-38
0.5493763188088218,6.107237564149974e-38
0.5525494940675433,6.166291109207094e-38
0.5557409974574149,6.224863564642837e-38
0.5589509348409787,6.28434473309869e-38
0.5621794126922296,6.346187488271107e-38
0.5654265381001566,6.411742676154818e-38
0.5686924187722872,6.482093545577724e-38
0.5719771630382627,6.557909778930306e-38
0.5752808798534361,6.639340792214273e-38
0.5786036788024768,6.725965041778769e-38
0.5819456701030159,6.816806674308048e-38
0.5853069646092921,6.910423381280128e-38
0.5886876738158385,7.005060494227021e-38
0.5920879098611727,7.09885718905841e-38
0.5955077855315194,7.190082348034481e-38
0.5989474142645559,7.277371395610072e-38
0.6024069101531658,7.359932398697902e-38
0.6058863879492339,7.437690725889907e-38
0.6093859630674417,7.511346957869086e-38
0.6129057515891065,7.582332316118915e-38
0.6164458702660229,7.652658776641601e-38
0.6200064365243388,7.724675802270532e-38
0.6235875684684548,7.800760326295666e-38
0.6271893848849325,7.88297906019734e-38
0.630812005246445,7.972770228454557e-38
0.6344555497157295,8.070693681933101e-38
0.6381201391495837,8.176292949494821e-38
0.641805895102865,8.288100083624491e-38
0.6455129398325269,8.403795215295186e-38
0.6492413963016779,8.520509776628154e-38
0.6529913881836514,8.635238552860103e-38
0.656763039866118,8.745304838166425e-38
0.660556476455201,8.848808779348461e-38
0.6643718237796372,8.944984686984609e-38
0.6682092083949411,9.034400635613486e-38
0.6720687575876062,9.11895327164303e-38
0.6759505993793322,9.201640557934094e-38
0.6798548625312613,9.286131330638879e-38
0.6837816765482602,9.376187499108479e-38
0.6877311716832049,9.475026050222998e-38
0.6917034789413123,9.584727418232427e-38
0.6956987300844764,9.705799248247436e-38
0.6997170576356416,9.836987542551985e-38
0.7037585948832045,9.975391336613933e-38
0.7078234758854238,1.0116886743460545e-37
0.7119118354748795,1.0256809117323964e-37
0.7160238092629342,1.039078826872291e-37
0.7201595336442367,1.0515591910402559e-37
0.7243191458012499,1.0629816346381462e-37
0.728502783708791,1.0734276979511876e-37
0.7327105861386204,1.0831995526190243e-37
0.7369426926640322,1.0927750806764604e-37
0.7411992436644965,1.1027244575041807e-37
0.745480380330305,1.113601745401667e-37
0.7497862446672582,1.12583151109458e-37
0.7541169795013816,1.139613530268128e-37
0.7584727284836515,1.1548671526370605e-37
0.7628536360947726,1.1712306245193322e-37
0.7672598476499584,1.1881203696716967e-37
0.7716915093037627,1.2048426766593773e-37
0.7761487680549182,1.2207379436290531e-37
0.7806317717512155,1.235328388187465e-37
0.7851406690944133,1.2484364262901313e-37
0.7896756096451589,1.2602443047330946e-37
0.7942367438279627,1.2712761372267696e-37
0.798824222936174,1.2822996587783273e-37
0.8034381991370132,1.2941636349599596e-37
0.808078825476607,1.3076037732624595e-37
0.8127462558850708,1.3230608598938099e-37
0.8174406451816187,1.3405562604830663e-37
0.8221621490796879,1.3596603428602431e-37
0.8269109241921164,1.3795698358981475e-37
0.8316871280363253,1.3992843474245272e-37
0.8364909190395563,1.4178460666688697e-37
0.8413224565441156,1.434586821287406e-37
0.8461819008126638,1.4493191483249735e-37
0.8510694130335373,1.4624164071012632e-37
0.8559851553260832,1.4747509482085106e-37
0.86092929074605,1.4874944014869966e-37
0.8659019832909823,1.5018220277635336e-37
0.8709033979056756,1.5185936460809093e-37
0.8759337004876339,1.5380974197139927e-37
0.8809930578925788,1.5599337622671791e-37
0.8860816379399887,1.5830845510643824e-37
0.8911996094186538,1.6061641248508896e-37
0.8963471420922885,1.6277953880077438e-37
0.901524406705148,1.647011929475296e-37
0.9067315749877071,1.6635694279736423e-37
0.911968819662343,1.678065181915717e-37
0.9172363144490704,1.6918127456987008e-37
0.9225342340713093,1.7064885360700464e-37
0.9278627542616679,1.7236397399689178e-37
0.9332220517677856,1.7441953112482683e-37
0.9386123043581841,1.7681350236371385e-37
0.9440336908281683,1.7944363024392664e-37
0.9494863910057636,1.8213403828431976e-37
0.9549705857576667,1.8468787321538652e-37
0.960486456995261,1.8695084514284148e-37
0.9660341876806346,1.8886537336721916e-37
0.9716139618326655,1.904962080514014e-37
0.9772259645331107,1.9201627142328145e-37
0.9828703819327524,1.9365413182005785e-37
0.9885474012575779,1.9561811364484593e-37
0.9942572108149761,1.980218212226776e-37
1.0,2.008378146913134e-37
