freq_Hz,h_c_instrument_only,h_c_instrument_plus_confusion
1.00000000e-05,1.40445464e-16,1.40445464e-16
1.00577596e-05,1.38438348e-16,1.38438348e-16
1.01158528e-05,1.36459922e-16,1.36459922e-16
1.01742816e-05,1.34509776e-16,1.34509776e-16
1.02330478e-05,1.32587507e-16,1.32587507e-16
1.02921535e-05,1.30692715e-16,1.30692715e-16
1.03516005e-05,1.28825008e-16,1.28825008e-16
1.04113909e-05,1.26983998e-16,1.26983998e-16
1.04715267e-05,1.25169305e-16,1.25169305e-16
1.05320098e-05,1.23380551e-16,1.23380551e-16
1.05928423e-05,1.21617366e-16,1.21617366e-16
1.06540261e-05,1.19879384e-16,1.19879384e-16
1.07155633e-05,1.18166246e-16,1.18166246e-16
1.07774560e-05,1.16477596e-16,1.16477596e-16
1.08397061e-05,1.14813084e-16,1.14813084e-16
1.09023158e-05,1.13172364e-16,1.13172364e-16
1.09652872e-05,1.11555098e-16,1.11555098e-16
1.10286222e-05,1.09960949e-16,1.09960949e-16
1.10923231e-05,1.08389587e-16,1.08389587e-16
1.11563919e-05,1.06840686e-16,1.06840686e-16
1.12208308e-05,1.05313926e-16,1.05313926e-16
1.12856418e-05,1.03808989e-16,1.03808989e-16
1.13508272e-05,1.02325564e-16,1.02325564e-16
1.14163892e-05,1.00863344e-16,1.00863344e-16
1.14823298e-05,9.94220246e-17,9.94220246e-17
1.15486512e-05,9.80013076e-17,9.80013076e-17
1.16153558e-05,9.66008985e-17,9.66008985e-17
1.16824456e-05,9.52205070e-17,9.52205070e-17
1.17499229e-05,9.38598469e-17,9.38598469e-17
1.18177900e-05,9.25186361e-17,9.25186361e-17
1.18860491e-05,9.11965967e-17,9.11965967e-17
1.19547024e-05,8.98934545e-17,8.98934545e-17
1.20237523e-05,8.86089395e-17,8.86089395e-17
1.20932010e-05,8.73427854e-17,8.73427854e-17
1.21630508e-05,8.60947297e-17,8.60947297e-17
1.22333041e-05,8.48645136e-17,8.48645136e-17
1.23039632e-05,8.36518822e-17,8.36518822e-17
1.23750304e-05,8.24565841e-17,8.24565841e-17
1.24465080e-05,8.12783716e-17,8.12783716e-17
1.25183986e-05,8.01170003e-17,8.01170003e-17
1.25907043e-05,7.89722295e-17,7.89722295e-17
1.26634277e-05,7.78438220e-17,7.78438220e-17
1.27365712e-05,7.67315438e-17,7.67315438e-17
1.28101371e-05,7.56351643e-17,7.56351643e-17
1.28841279e-05,7.45544563e-17,7.45544563e-17
1.29585461e-05,7.34891958e-17,7.34891958e-17
1.30333941e-05,7.24391619e-17,7.24391619e-17
1.31086745e-05,7.14041370e-17,7.14041370e-17
1.31843897e-05,7.03839065e-17,7.03839065e-17
1.32605422e-05,6.93782590e-17,6.93782590e-17
1.33371345e-05,6.83869859e-17,6.83869859e-17
1.34141693e-05,6.74098818e-17,6.74098818e-17
1.34916490e-05,6.64467441e-17,6.64467441e-17
1.35695762e-05,6.54973733e-17,6.54973733e-17
1.36479535e-05,6.45615725e-17,6.45615725e-17
1.37267835e-05,6.36391477e-17,6.36391477e-17
1.38060689e-05,6.27299077e-17,6.27299077e-17
1.38858121e-05,6.18336640e-17,6.18336640e-17
1.39660160e-05,6.09502309e-17,6.09502309e-17
1.40466832e-05,6.00794253e-17,6.00794253e-17
1.41278162e-05,5.92210665e-17,5.92210665e-17
1.42094179e-05,5.83749768e-17,5.83749768e-17
1.42914910e-05,5.75409806e-17,5.75409806e-17
1.43740380e-05,5.67189052e-17,5.67189052e-17
1.44570619e-05,5.59085802e-17,5.59085802e-17
1.45405653e-05,5.51098375e-17,5.51098375e-17
1.46245510e-05,5.43225116e-17,5.43225116e-17
1.47090218e-05,5.35464393e-17,5.35464393e-17
1.47939805e-05,5.27814597e-17,5.27814597e-17
1.48794299e-05,5.20274143e-17,5.20274143e-17
1.49653729e-05,5.12841467e-17,5.12841467e-17
1.50518123e-05,5.05515029e-17,5.05515029e-17
1.51387510e-05,4.98293310e-17,4.98293310e-17
1.52261918e-05,4.91174814e-17,4.91174814e-17
1.53141376e-05,4.84158064e-17,4.84158064e-17
1.54025915e-05,4.77241607e-17,4.77241607e-17
1.54915562e-05,4.70424008e-17,4.70424008e-17
1.55810348e-05,4.63703855e-17,4.63703855e-17
1.56710302e-05,4.57079754e-17,4.57079754e-17
1.57615455e-05,4.50550332e-17,4.50550332e-17
1.58525835e-05,4.44114237e-17,4.44114237e-17
1.59441474e-05,4.37770133e-17,4.37770133e-17
1.60362401e-05,4.31516707e-17,4.31516707e-17
1.61288648e-05,4.25352661e-17,4.25352661e-17
1.62220245e-05,4.19276718e-17,4.19276718e-17
1.63157222e-05,4.13287619e-17,4.13287619e-17
1.64099612e-05,4.07384122e-17,4.07384122e-17
1.65047445e-05,4.01565004e-17,4.01565004e-17
1.66000752e-05,3.95829058e-17,3.95829058e-17
1.66959565e-05,3.90175096e-17,3.90175096e-17
1.67923917e-05,3.84601945e-17,3.84601945e-17
1.68893839e-05,3.79108450e-17,3.79108450e-17
1.69869363e-05,3.73693473e-17,3.73693473e-17
1.70850521e-05,3.68355891e-17,3.68355891e-17
1.71837347e-05,3.63094599e-17,3.63094599e-17
1.72829872e-05,3.57908505e-17,3.57908505e-17
1.73828131e-05,3.52796534e-17,3.52796534e-17
1.74832155e-05,3.47757627e-17,3.47757627e-17
1.75841978e-05,3.42790740e-17,3.42790740e-17
1.76857634e-05,3.37894842e-17,3.37894842e-17
1.77879157e-05,3.33068920e-17,3.33068920e-17
1.78906580e-05,3.28311973e-17,3.28311973e-17
1.79939937e-05,3.23623015e-17,3.23623015e-17
1.80979263e-05,3.19001073e-17,3.19001073e-17
1.82024591e-05,3.14445191e-17,3.14445191e-17
1.83075958e-05,3.09954424e-17,3.09954424e-17
1.84133397e-05,3.05527841e-17,3.05527841e-17
1.85196944e-05,3.01164524e-17,3.01164524e-17
1.86266634e-05,2.96863569e-17,2.96863569e-17
1.87342503e-05,2.92624085e-17,2.92624085e-17
1.88424586e-05,2.88445193e-17,2.88445193e-17
1.89512918e-05,2.84326027e-17,2.84326027e-17
1.90607537e-05,2.80265733e-17,2.80265733e-17
1.91708479e-05,2.76263470e-17,2.76263470e-17
1.92815779e-05,2.72318408e-17,2.72318408e-17
1.93929475e-05,2.68429729e-17,2.68429729e-17
1.95049604e-05,2.64596627e-17,2.64596627e-17
1.96176202e-05,2.60818308e-17,2.60818308e-17
1.97309308e-05,2.57093989e-17,2.57093989e-17
1.98448959e-05,2.53422898e-17,2.53422898e-17
1.99595192e-05,2.49804274e-17,2.49804274e-17
2.00748046e-05,2.46237368e-17,2.46237368e-17
2.01907558e-05,2.42721439e-17,2.42721439e-17
2.03073768e-05,2.39255759e-17,2.39255759e-17
2.04246714e-05,2.35839609e-17,2.35839609e-17
2.05426434e-05,2.32472283e-17,2.32472283e-17
2.06612969e-05,2.29153081e-17,2.29153081e-17
2.07806357e-05,2.25881317e-17,2.25881317e-17
2.09006638e-05,2.22656311e-17,2.22656311e-17
2.10213852e-05,2.19477396e-17,2.19477396e-17
2.11428039e-05,2.16343912e-17,2.16343912e-17
2.12649239e-05,2.13255211e-17,2.13255211e-17
2.13877492e-05,2.10210652e-17,2.10210652e-17
2.15112840e-05,2.07209604e-17,2.07209604e-17
2.16355323e-05,2.04251445e-17,2.04251445e-17
2.17604982e-05,2.01335562e-17,2.01335562e-17
2.18861860e-05,1.98461350e-17,1.98461350e-17
2.20125997e-05,1.95628215e-17,1.95628215e-17
2.21397436e-05,1.92835569e-17,1.92835569e-17
2.22676218e-05,1.90082833e-17,1.90082833e-17
2.23962387e-05,1.87369436e-17,1.87369436e-17
2.25255985e-05,1.84694817e-17,1.84694817e-17
2.26557054e-05,1.82058421e-17,1.82058421e-17
2.27865638e-05,1.79459701e-17,1.79459701e-17
2.29181781e-05,1.76898120e-17,1.76898120e-17
2.30505526e-05,1.74373145e-17,1.74373145e-17
2.31836916e-05,1.71884255e-17,1.71884255e-17
2.33175997e-05,1.69430933e-17,1.69430933e-17
2.34522812e-05,1.67012670e-17,1.67012670e-17
2.35877406e-05,1.64628966e-17,1.64628966e-17
2.37239824e-05,1.62279327e-17,1.62279327e-17
2.38610112e-05,1.59963265e-17,1.59963265e-17
2.39988314e-05,1.57680301e-17,1.57680301e-17
2.41374477e-05,1.55429962e-17,1.55429962e-17
2.42768646e-05,1.53211781e-17,1.53211781e-17
2.44170868e-05,1.51025298e-17,1.51025298e-17
2.45581189e-05,1.48870061e-17,1.48870061e-17
2.46999656e-05,1.46745622e-17,1.46745622e-17
2.48426316e-05,1.44651542e-17,1.44651542e-17
2.49861216e-05,1.42587387e-17,1.42587387e-17
2.51304404e-05,1.40552729e-17,1.40552729e-17
2.52755928e-05,1.38547146e-17,1.38547146e-17
2.54215836e-05,1.36570222e-17,1.36570222e-17
2.55684177e-05,1.34621548e-17,1.34621548e-17
2.57160998e-05,1.32700721e-17,1.32700721e-17
2.58646349e-05,1.30807342e-17,1.30807342e-17
2.60140280e-05,1.28941018e-17,1.28941018e-17
2.61642840e-05,1.27101364e-17,1.27101364e-17
2.63154078e-05,1.25287997e-17,1.25287997e-17
2.64674046e-05,1.23500542e-17,1.23500542e-17
2.66202792e-05,1.21738629e-17,1.21738629e-17
2.67740369e-05,1.20001893e-17,1.20001893e-17
2.69286826e-05,1.18289973e-17,1.18289973e-17
2.70842216e-05,1.16602515e-17,1.16602515e-17
2.72406589e-05,1.14939170e-17,1.14939170e-17
2.73979999e-05,1.13299592e-17,1.13299592e-17
2.75562496e-05,1.11683442e-17,1.11683442e-17
2.77154134e-05,1.10090385e-17,1.10090385e-17
2.78754965e-05,1.08520092e-17,1.08520092e-17
2.80365042e-05,1.06972235e-17,1.06972235e-17
2.81984419e-05,1.05446496e-17,1.05446496e-17
2.83613150e-05,1.03942557e-17,1.03942557e-17
2.85251288e-05,1.02460107e-17,1.02460107e-17
2.86898888e-05,1.00998840e-17,1.00998840e-17
2.88556004e-05,9.95584509e-18,9.95584509e-18
2.90222692e-05,9.81386431e-18,9.81386431e-18
2.91899006e-05,9.67391217e-18,9.67391217e-18
2.93585003e-05,9.53595970e-18,9.53595970e-18
2.95280738e-05,9.39997829e-18,9.39997829e-18
2.96986267e-05,9.26593979e-18,9.26593979e-18
2.98701648e-05,9.13381641e-18,9.13381641e-18
3.00426937e-05,9.00358079e-18,9.00358079e-18
3.02162190e-05,8.87520594e-18,8.87520594e-18
3.03907467e-05,8.74866526e-18,8.74866526e-18
3.05662824e-05,8.62393254e-18,8.62393254e-18
3.07428320e-05,8.50098193e-18,8.50098193e-18
3.09204014e-05,8.37978796e-18,8.37978796e-18
3.10989963e-05,8.26032553e-18,8.26032553e-18
3.12786229e-05,8.14256987e-18,8.14256987e-18
3.14592869e-05,8.02649661e-18,8.02649661e-18
3.16409945e-05,7.91208168e-18,7.91208168e-18
3.18237516e-05,7.79930138e-18,7.79930138e-18
3.20075643e-05,7.68813236e-18,7.68813236e-18
3.21924387e-05,7.57855157e-18,7.57855157e-18
3.23783809e-05,7.47053632e-18,7.47053632e-18
3.25653971e-05,7.36406423e-18,7.36406423e-18
3.27534935e-05,7.25911325e-18,7.25911325e-18
3.29426763e-05,7.15566162e-18,7.15566162e-18
3.31329519e-05,7.05368793e-18,7.05368793e-18
3.33243265e-05,6.95317104e-18,6.95317104e-18
3.35168064e-05,6.85409013e-18,6.85409013e-18
3.37103981e-05,6.75642468e-18,6.75642468e-18
3.39051080e-05,6.66015446e-18,6.66015446e-18
3.41009426e-05,6.56525952e-18,6.56525952e-18
3.42979082e-05,6.47172021e-18,6.47172021e-18
3.44960115e-05,6.37951715e-18,6.37951715e-18
3.46952591e-05,6.28863123e-18,6.28863123e-18
3.48956575e-05,6.19904364e-18,6.19904364e-18
3.50972134e-05,6.11073582e-18,6.11073582e-18
3.52999335e-05,6.02368947e-18,6.02368947e-18
3.55038245e-05,5.93788656e-18,5.93788656e-18
3.57088931e-05,5.85330933e-18,5.85330933e-18
3.59151462e-05,5.76994024e-18,5.76994024e-18
3.61225906e-05,5.68776205e-18,5.68776205e-18
3.63312332e-05,5.60675771e-18,5.60675771e-18
3.65410810e-05,5.52691046e-18,5.52691046e-18
3.67521408e-05,5.44820375e-18,5.44820375e-18
3.69644196e-05,5.37062129e-18,5.37062129e-18
3.71779246e-05,5.29414700e-18,5.29414700e-18
3.73926628e-05,5.21876505e-18,5.21876505e-18
3.76086413e-05,5.14445982e-18,5.14445982e-18
3.78258673e-05,5.07121592e-18,5.07121592e-18
3.80443480e-05,4.99901819e-18,4.99901819e-18
3.82640906e-05,4.92785167e-18,4.92785167e-18
3.84851024e-05,4.85770162e-18,4.85770162e-18
3.87073908e-05,4.78855351e-18,4.78855351e-18
3.89309631e-05,4.72039303e-18,4.72039303e-18
3.91558267e-05,4.65320606e-18,4.65320606e-18
3.93819892e-05,4.58697868e-18,4.58697868e-18
3.96094580e-05,4.52169717e-18,4.52169717e-18
3.98382406e-05,4.45734803e-18,4.45734803e-18
4.00683446e-05,4.39391791e-18,4.39391791e-18
4.02997778e-05,4.33139370e-18,4.33139370e-18
4.05325477e-05,4.26976243e-18,4.26976243e-18
4.07666620e-05,4.20901135e-18,4.20901135e-18
4.10021286e-05,4.14912788e-18,4.14912788e-18
4.12389552e-05,4.09009961e-18,4.09009961e-18
4.14771497e-05,4.03191433e-18,4.03191433e-18
4.17167201e-05,3.97455998e-18,3.97455998e-18
4.19576741e-05,3.91802469e-18,3.91802469e-18
4.22000200e-05,3.86229676e-18,3.86229676e-18
4.24437656e-05,3.80736463e-18,3.80736463e-18
4.26889190e-05,3.75321695e-18,3.75321695e-18
4.29354885e-05,3.69984249e-18,3.69984249e-18
4.31834821e-05,3.64723021e-18,3.64723021e-18
4.34329081e-05,3.59536921e-18,3.59536921e-18
4.36837749e-05,3.54424876e-18,3.54424876e-18
4.39360906e-05,3.49385827e-18,3.49385827e-18
4.41898636e-05,3.44418731e-18,3.44418731e-18
4.44451025e-05,3.39522559e-18,3.39522559e-18
4.47018156e-05,3.34696298e-18,3.34696298e-18
4.49600115e-05,3.29938949e-18,3.29938949e-18
4.52196987e-05,3.25249527e-18,3.25249527e-18
4.54808858e-05,3.20627060e-18,3.20627060e-18
4.57435815e-05,3.16070593e-18,3.16070593e-18
4.60077946e-05,3.11579181e-18,3.11579181e-18
4.62735337e-05,3.07151896e-18,3.07151896e-18
4.65408078e-05,3.02787819e-18,3.02787820e-18
4.68096256e-05,2.98486049e-18,2.98486049e-18
4.70799961e-05,2.94245695e-18,2.94245695e-18
4.73519282e-05,2.90065879e-18,2.90065879e-18
4.76254311e-05,2.85945735e-18,2.85945735e-18
4.79005136e-05,2.81884411e-18,2.81884411e-18
4.81771850e-05,2.77881067e-18,2.77881067e-18
4.84554545e-05,2.73934873e-18,2.73934873e-18
4.87353312e-05,2.70045013e-18,2.70045013e-18
4.90168245e-05,2.66210681e-18,2.66210681e-18
4.92999437e-05,2.62431085e-18,2.62431085e-18
4.95846982e-05,2.58705442e-18,2.58705442e-18
4.98710974e-05,2.55032980e-18,2.55032980e-18
5.01591508e-05,2.51412941e-18,2.51412941e-18
5.04488680e-05,2.47844574e-18,2.47844574e-18
5.07402586e-05,2.44327141e-18,2.44327141e-18
5.10333323e-05,2.40859914e-18,2.40859914e-18
5.13280987e-05,2.37442176e-18,2.37442176e-18
5.16245677e-05,2.34073220e-18,2.34073220e-18
5.19227491e-05,2.30752348e-18,2.30752348e-18
5.22226528e-05,2.27478873e-18,2.27478873e-18
5.25242887e-05,2.24252118e-18,2.24252118e-18
5.28276669e-05,2.21071415e-18,2.21071415e-18
5.31327973e-05,2.17936105e-18,2.17936105e-18
5.34396902e-05,2.14845542e-18,2.14845542e-18
5.37483557e-05,2.11799084e-18,2.11799084e-18
5.40588040e-05,2.08796101e-18,2.08796101e-18
5.43710455e-05,2.05835973e-18,2.05835973e-18
5.46850904e-05,2.02918086e-18,2.02918086e-18
5.50009493e-05,2.00041837e-18,2.00041837e-18
5.53186325e-05,1.97206632e-18,1.97206632e-18
5.56381507e-05,1.94411883e-18,1.94411883e-18
5.59595144e-05,1.91657013e-18,1.91657013e-18
5.62827343e-05,1.88941450e-18,1.88941450e-18
5.66078210e-05,1.86264635e-18,1.86264635e-18
5.69347855e-05,1.83626013e-18,1.83626013e-18
5.72636385e-05,1.81025038e-18,1.81025038e-18
5.75943910e-05,1.78461172e-18,1.78461172e-18
5.79270538e-05,1.75933885e-18,1.75933885e-18
5.82616381e-05,1.73442655e-18,1.73442655e-18
5.85981550e-05,1.70986965e-18,1.70986965e-18
5.89366155e-05,1.68566309e-18,1.68566309e-18
5.92770310e-05,1.66180185e-18,1.66180185e-18
5.96194127e-05,1.63828100e-18,1.63828100e-18
5.99637720e-05,1.61509568e-18,1.61509568e-18
6.03101203e-05,1.59224108e-18,1.59224108e-18
6.06584691e-05,1.56971250e-18,1.56971250e-18
6.10088300e-05,1.54750525e-18,1.54750525e-18
6.13612145e-05,1.52561477e-18,1.52561477e-18
6.17156344e-05,1.50403651e-18,1.50403651e-18
6.20721014e-05,1.48276602e-18,1.48276602e-18
6.24306273e-05,1.46179890e-18,1.46179890e-18
6.27912241e-05,1.44113081e-18,1.44113081e-18
6.31539036e-05,1.42075748e-18,1.42075748e-18
6.35186780e-05,1.40067470e-18,1.40067470e-18
6.38855593e-05,1.38087831e-18,1.38087831e-18
6.42545597e-05,1.36136424e-18,1.36136424e-18
6.46256914e-05,1.34212843e-18,1.34212843e-18
6.49989668e-05,1.32316691e-18,1.32316691e-18
6.53743982e-05,1.30447578e-18,1.30447578e-18
6.57519980e-05,1.28605115e-18,1.28605115e-18
6.61317789e-05,1.26788922e-18,1.26788923e-18
6.65137534e-05,1.24998625e-18,1.24998625e-18
6.68979341e-05,1.23233853e-18,1.23233853e-18
6.72843338e-05,1.21494240e-18,1.21494240e-18
6.76729654e-05,1.19779429e-18,1.19779429e-18
6.80638417e-05,1.18089064e-18,1.18089064e-18
6.84569757e-05,1.16422795e-18,1.16422795e-18
6.88523804e-05,1.14780280e-18,1.14780280e-18
6.92500689e-05,1.13161178e-18,1.13161178e-18
6.96500545e-05,1.11565155e-18,1.11565155e-18
7.00523504e-05,1.09991880e-18,1.09991880e-18
7.04569699e-05,1.08441030e-18,1.08441030e-18
7.08639265e-05,1.06912284e-18,1.06912284e-18
7.12732337e-05,1.05405325e-18,1.05405325e-18
7.16849050e-05,1.03919842e-18,1.03919842e-18
7.20989541e-05,1.02455529e-18,1.02455530e-18
7.25153947e-05,1.01012084e-18,1.01012084e-18
7.29342407e-05,9.95892072e-19,9.95892072e-19
7.33555059e-05,9.81866057e-19,9.81866057e-19
7.37792043e-05,9.68039896e-19,9.68039896e-19
7.42053500e-05,9.54410734e-19,9.54410734e-19
7.46339570e-05,9.40975756e-19,9.40975756e-19
7.50650397e-05,9.27732187e-19,9.27732188e-19
7.54986124e-05,9.14677294e-19,9.14677294e-19
7.59346893e-05,9.01808380e-19,9.01808381e-19
7.63732849e-05,8.89122789e-19,8.89122789e-19
7.68144139e-05,8.76617900e-19,8.76617900e-19
7.72580909e-05,8.64291133e-19,8.64291133e-19
7.77043304e-05,8.52139942e-19,8.52139943e-19
7.81531475e-05,8.40161820e-19,8.40161820e-19
7.86045569e-05,8.28354293e-19,8.28354293e-19
7.90585736e-05,8.16714924e-19,8.16714924e-19
7.95152127e-05,8.05241310e-19,8.05241310e-19
7.99744894e-05,7.93931085e-19,7.93931085e-19
8.04364187e-05,7.82781913e-19,7.82781913e-19
8.09010162e-05,7.71791493e-19,7.71791493e-19
8.13682972e-05,7.60957558e-19,7.60957558e-19
8.18382772e-05,7.50277872e-19,7.50277872e-19
8.23109717e-05,7.39750231e-19,7.39750231e-19
8.27863966e-05,7.29372463e-19,7.29372463e-19
8.32645674e-05,7.19142428e-19,7.19142428e-19
8.37455002e-05,7.09058014e-19,7.09058014e-19
8.42292108e-05,6.99117141e-19,6.99117141e-19
8.47157153e-05,6.89317759e-19,6.89317759e-19
8.52050298e-05,6.79657846e-19,6.79657847e-19
8.56971706e-05,6.70135411e-19,6.70135411e-19
8.61921539e-05,6.60748488e-19,6.60748488e-19
8.66899963e-05,6.51495142e-19,6.51495143e-19
8.71907142e-05,6.42373466e-19,6.42373466e-19
8.76943242e-05,6.33381577e-19,6.33381578e-19
8.82008431e-05,6.24517623e-19,6.24517623e-19
8.87102876e-05,6.15779775e-19,6.15779775e-19
8.92226746e-05,6.07166232e-19,6.07166232e-19
8.97380211e-05,5.98675218e-19,5.98675219e-19
9.02563443e-05,5.90304984e-19,5.90304984e-19
9.07776612e-05,5.82053803e-19,5.82053803e-19
9.13019893e-05,5.73919975e-19,5.73919976e-19
9.18293459e-05,5.65901825e-19,5.65901825e-19
9.23597484e-05,5.57997698e-19,5.57997698e-19
9.28932146e-05,5.50205968e-19,5.50205968e-19
9.34297620e-05,5.42525027e-19,5.42525027e-19
9.39694085e-05,5.34953294e-19,5.34953294e-19
9.45121720e-05,5.27489209e-19,5.27489209e-19
9.50580705e-05,5.20131234e-19,5.20131234e-19
9.56071220e-05,5.12877854e-19,5.12877854e-19
9.61593449e-05,5.05727574e-19,5.05727574e-19
9.67147573e-05,4.98678922e-19,4.98678922e-19
9.72733778e-05,4.91730446e-19,4.91730446e-19
9.78352249e-05,4.84880715e-19,4.84880715e-19
9.84003172e-05,4.78128320e-19,4.78128320e-19
9.89686734e-05,4.71471869e-19,4.71471869e-19
9.95403124e-05,4.64909992e-19,4.64909993e-19
1.00115253e-04,4.58441339e-19,4.58441340e-19
1.00693515e-04,4.52064579e-19,4.52064579e-19
1.01275116e-04,4.45778397e-19,4.45778398e-19
1.01860077e-04,4.39581502e-19,4.39581502e-19
1.02448417e-04,4.33472617e-19,4.33472618e-19
1.03040155e-04,4.27450487e-19,4.27450487e-19
1.03635311e-04,4.21513870e-19,4.21513870e-19
1.04233904e-04,4.15661547e-19,4.15661547e-19
1.04835955e-04,4.09892313e-19,4.09892314e-19
1.05441483e-04,4.04204983e-19,4.04204983e-19
1.06050509e-04,3.98598385e-19,3.98598385e-19
1.06663052e-04,3.93071367e-19,3.93071367e-19
1.07279134e-04,3.87622793e-19,3.87622793e-19
1.07898774e-04,3.82251542e-19,3.82251542e-19
1.08521992e-04,3.76956509e-19,3.76956510e-19
1.09148811e-04,3.71736608e-19,3.71736608e-19
1.09779250e-04,3.66590764e-19,3.66590764e-19
1.10413331e-04,3.61517919e-19,3.61517920e-19
1.11051074e-04,3.56517032e-19,3.56517033e-19
1.11692500e-04,3.51587075e-19,3.51587076e-19
1.12337631e-04,3.46727035e-19,3.46727036e-19
1.12986489e-04,3.41935914e-19,3.41935914e-19
1.13639094e-04,3.37212726e-19,3.37212726e-19
1.14295469e-04,3.32556503e-19,3.32556503e-19
1.14955635e-04,3.27966287e-19,3.27966288e-19
1.15619614e-04,3.23441137e-19,3.23441138e-19
1.16287428e-04,3.18980124e-19,3.18980124e-19
1.16959100e-04,3.14582330e-19,3.14582330e-19
1.17634651e-04,3.10246854e-19,3.10246855e-19
1.18314104e-04,3.05972806e-19,3.05972806e-19
1.18997481e-04,3.01759309e-19,3.01759309e-19
1.19684806e-04,2.97605497e-19,2.97605497e-19
1.20376100e-04,2.93510519e-19,2.93510520e-19
1.21071388e-04,2.89473535e-19,2.89473536e-19
1.21770691e-04,2.85493717e-19,2.85493717e-19
1.22474034e-04,2.81570248e-19,2.81570248e-19
1.23181439e-04,2.77702324e-19,2.77702324e-19
1.23892930e-04,2.73889151e-19,2.73889151e-19
1.24608530e-04,2.70129948e-19,2.70129949e-19
1.25328264e-04,2.66423945e-19,2.66423945e-19
1.26052155e-04,2.62770382e-19,2.62770382e-19
1.26780227e-04,2.59168509e-19,2.59168510e-19
1.27512505e-04,2.55617590e-19,2.55617591e-19
1.28249012e-04,2.52116897e-19,2.52116897e-19
1.28989773e-04,2.48665711e-19,2.48665712e-19
1.29734812e-04,2.45263328e-19,2.45263328e-19
1.30484155e-04,2.41909050e-19,2.41909050e-19
1.31237827e-04,2.38602189e-19,2.38602190e-19
1.31995851e-04,2.35342070e-19,2.35342071e-19
1.32758254e-04,2.32128025e-19,2.32128025e-19
1.33525060e-04,2.28959396e-19,2.28959396e-19
1.34296295e-04,2.25835535e-19,2.25835535e-19
1.35071985e-04,2.22755802e-19,2.22755803e-19
1.35852155e-04,2.19719569e-19,2.19719569e-19
1.36636832e-04,2.16726213e-19,2.16726213e-19
1.37426041e-04,2.13775122e-19,2.13775123e-19
1.38219808e-04,2.10865694e-19,2.10865695e-19
1.39018160e-04,2.07997334e-19,2.07997334e-19
1.39821123e-04,2.05169455e-19,2.05169455e-19
1.40628724e-04,2.02381479e-19,2.02381480e-19
1.41440990e-04,1.99632837e-19,1.99632838e-19
1.42257947e-04,1.96922968e-19,1.96922969e-19
1.43079624e-04,1.94251318e-19,1.94251318e-19
1.43906046e-04,1.91617341e-19,1.91617342e-19
1.44737241e-04,1.89020500e-19,1.89020500e-19
1.45573238e-04,1.86460265e-19,1.86460265e-19
1.46414063e-04,1.83936113e-19,1.83936113e-19
1.47259744e-04,1.81447528e-19,1.81447529e-19
1.48110311e-04,1.78994005e-19,1.78994005e-19
1.48965790e-04,1.76575041e-19,1.76575042e-19
1.49826210e-04,1.74190145e-19,1.74190145e-19
1.50691600e-04,1.71838829e-19,1.71838829e-19
1.51561989e-04,1.69520614e-19,1.69520615e-19
1.52437405e-04,1.67235029e-19,1.67235029e-19
1.53317877e-04,1.64981606e-19,1.64981607e-19
1.54203435e-04,1.62759888e-19,1.62759889e-19
1.55094107e-04,1.60569422e-19,1.60569422e-19
1.55989925e-04,1.58409761e-19,1.58409762e-19
1.56890916e-04,1.56280467e-19,1.56280468e-19
1.57797112e-04,1.54181106e-19,1.54181106e-19
1.58708541e-04,1.52111250e-19,1.52111250e-19
1.59625235e-04,1.50070479e-19,1.50070479e-19
1.60547224e-04,1.48058378e-19,1.48058378e-19
1.61474539e-04,1.46074537e-19,1.46074537e-19
1.62407209e-04,1.44118553e-19,1.44118554e-19
1.63345266e-04,1.42190030e-19,1.42190030e-19
1.64288742e-04,1.40288574e-19,1.40288574e-19
1.65237667e-04,1.38413800e-19,1.38413800e-19
1.66192073e-04,1.36565327e-19,1.36565327e-19
1.67151992e-04,1.34742780e-19,1.34742780e-19
1.68117455e-04,1.32945789e-19,1.32945789e-19
1.69088494e-04,1.31173989e-19,1.31173989e-19
1.70065143e-04,1.29427021e-19,1.29427021e-19
1.71047432e-04,1.27704530e-19,1.27704531e-19
1.72035395e-04,1.26006169e-19,1.26006169e-19
1.73029064e-04,1.24331591e-19,1.24331591e-19
1.74028473e-04,1.22680458e-19,1.22680458e-19
1.75033655e-04,1.21052436e-19,1.21052436e-19
1.76044642e-04,1.19447194e-19,1.19447195e-19
1.77061469e-04,1.17864409e-19,1.17864409e-19
1.78084168e-04,1.16303758e-19,1.16303759e-19
1.79112775e-04,1.14764928e-19,1.14764929e-19
1.80147323e-04,1.13247606e-19,1.13247607e-19
1.81187847e-04,1.11751486e-19,1.11751487e-19
1.82234381e-04,1.10276266e-19,1.10276266e-19
1.83286959e-04,1.08821646e-19,1.08821647e-19
1.84345617e-04,1.07387335e-19,1.07387335e-19
1.85410390e-04,1.05973041e-19,1.05973041e-19
1.86481313e-04,1.04578479e-19,1.04578479e-19
1.87558421e-04,1.03203368e-19,1.03203369e-19
1.88641751e-04,1.01847432e-19,1.01847432e-19
1.89731338e-04,1.00510395e-19,1.00510395e-19
1.90827219e-04,9.91919888e-20,9.91919893e-20
1.91929429e-04,9.78919478e-20,9.78919483e-20
1.93038005e-04,9.66100101e-20,9.66100105e-20
1.94152985e-04,9.53459174e-20,9.53459178e-20
1.95274405e-04,9.40994153e-20,9.40994158e-20
1.96402302e-04,9.28702532e-20,9.28702536e-20
1.97536713e-04,9.16581837e-20,9.16581841e-20
1.98677677e-04,9.04629631e-20,9.04629636e-20
1.99825232e-04,8.92843514e-20,8.92843519e-20
2.00979414e-04,8.81221117e-20,8.81221122e-20
2.02140263e-04,8.69760107e-20,8.69760112e-20
2.03307817e-04,8.58458184e-20,8.58458188e-20
2.04482115e-04,8.47313079e-20,8.47313084e-20
2.05663195e-04,8.36322558e-20,8.36322563e-20
2.06851097e-04,8.25484418e-20,8.25484423e-20
2.08045861e-04,8.14796488e-20,8.14796493e-20
2.09247525e-04,8.04256626e-20,8.04256631e-20
2.10456130e-04,7.93862722e-20,7.93862727e-20
2.11671716e-04,7.83612698e-20,7.83612703e-20
2.12894324e-04,7.73504503e-20,7.73504508e-20
2.14123993e-04,7.63536115e-20,7.63536120e-20
2.15360764e-04,7.53705544e-20,7.53705549e-20
2.16604679e-04,7.44010827e-20,7.44010832e-20
2.17855779e-04,7.34450026e-20,7.34450031e-20
2.19114105e-04,7.25021236e-20,7.25021242e-20
2.20379699e-04,7.15722576e-20,7.15722581e-20
2.21652603e-04,7.06552192e-20,7.06552198e-20
2.22932860e-04,6.97508258e-20,6.97508263e-20
2.24220511e-04,6.88588973e-20,6.88588978e-20
2.25515599e-04,6.79792561e-20,6.79792566e-20
2.26818168e-04,6.71117273e-20,6.71117278e-20
2.28128261e-04,6.62561385e-20,6.62561390e-20
2.29445920e-04,6.54123196e-20,6.54123201e-20
2.30771191e-04,6.45801031e-20,6.45801037e-20
2.32104116e-04,6.37593239e-20,6.37593244e-20
2.33444740e-04,6.29498190e-20,6.29498196e-20
2.34793107e-04,6.21514282e-20,6.21514287e-20
2.36149262e-04,6.13639931e-20,6.13639937e-20
2.37513251e-04,6.05873579e-20,6.05873585e-20
2.38885118e-04,5.98213689e-20,5.98213694e-20
2.40264908e-04,5.90658746e-20,5.90658752e-20
2.41652669e-04,5.83207257e-20,5.83207263e-20
2.43048445e-04,5.75857751e-20,5.75857756e-20
2.44452283e-04,5.68608776e-20,5.68608781e-20
2.45864229e-04,5.61458902e-20,5.61458908e-20
2.47284331e-04,5.54406721e-20,5.54406727e-20
2.48712635e-04,5.47450844e-20,5.47450849e-20
2.50149189e-04,5.40589899e-20,5.40589905e-20
2.51594041e-04,5.33822539e-20,5.33822545e-20
2.53047238e-04,5.27147432e-20,5.27147438e-20
2.54508828e-04,5.20563267e-20,5.20563273e-20
2.55978861e-04,5.14068752e-20,5.14068758e-20
2.57457384e-04,5.07662612e-20,5.07662618e-20
2.58944448e-04,5.01343592e-20,5.01343598e-20
2.60440100e-04,4.95110454e-20,4.95110459e-20
2.61944392e-04,4.88961977e-20,4.88961983e-20
2.63457372e-04,4.82896959e-20,4.82896965e-20
2.64979091e-04,4.76914215e-20,4.76914221e-20
2.66509599e-04,4.71012577e-20,4.71012583e-20
2.68048948e-04,4.65190892e-20,4.65190898e-20
2.69597188e-04,4.59448025e-20,4.59448032e-20
2.71154370e-04,4.53782859e-20,4.53782865e-20
2.72720547e-04,4.48194289e-20,4.48194295e-20
2.74295770e-04,4.42681229e-20,4.42681235e-20
2.75880091e-04,4.37242607e-20,4.37242613e-20
2.77473563e-04,4.31877368e-20,4.31877374e-20
2.79076239e-04,4.26584470e-20,4.26584476e-20
2.80688172e-04,4.21362887e-20,4.21362894e-20
2.82309415e-04,4.16211609e-20,4.16211615e-20
2.83940023e-04,4.11129638e-20,4.11129644e-20
2.85580049e-04,4.06115992e-20,4.06115998e-20
2.87229548e-04,4.01169702e-20,4.01169709e-20
2.88888574e-04,3.96289815e-20,3.96289821e-20
2.90557183e-04,3.91475388e-20,3.91475395e-20
2.92235429e-04,3.86725496e-20,3.86725503e-20
2.93923369e-04,3.82039224e-20,3.82039230e-20
2.95621058e-04,3.77415671e-20,3.77415677e-20
2.97328554e-04,3.72853949e-20,3.72853956e-20
2.99045911e-04,3.68353184e-20,3.68353190e-20
3.00773188e-04,3.63912512e-20,3.63912518e-20
3.02510442e-04,3.59531083e-20,3.59531090e-20
3.04257730e-04,3.55208060e-20,3.55208066e-20
3.06015110e-04,3.50942616e-20,3.50942622e-20
3.07782641e-04,3.46733937e-20,3.46733944e-20
3.09560381e-04,3.42581221e-20,3.42581228e-20
3.11348389e-04,3.38483677e-20,3.38483684e-20
3.13146725e-04,3.34440526e-20,3.34440533e-20
3.14955448e-04,3.30450999e-20,3.30451006e-20
3.16774618e-04,3.26514340e-20,3.26514347e-20
3.18604295e-04,3.22629801e-20,3.22629807e-20
3.20444540e-04,3.18796646e-20,3.18796653e-20
3.22295415e-04,3.15014152e-20,3.15014159e-20
3.24156980e-04,3.11281604e-20,3.11281611e-20
3.26029298e-04,3.07598296e-20,3.07598303e-20
3.27912430e-04,3.03963535e-20,3.03963542e-20
3.29806438e-04,3.00376637e-20,3.00376644e-20
3.31711387e-04,2.96836927e-20,2.96836934e-20
3.33627338e-04,2.93343740e-20,2.93343747e-20
3.35554356e-04,2.89896422e-20,2.89896429e-20
3.37492505e-04,2.86494327e-20,2.86494334e-20
3.39441848e-04,2.83136818e-20,2.83136826e-20
3.41402450e-04,2.79823269e-20,2.79823276e-20
3.43374377e-04,2.76553060e-20,2.76553067e-20
3.45357693e-04,2.73325583e-20,2.73325591e-20
3.47352465e-04,2.70140238e-20,2.70140245e-20
3.49358759e-04,2.66996431e-20,2.66996439e-20
3.51376641e-04,2.63893581e-20,2.63893588e-20
3.53406178e-04,2.60831112e-20,2.60831119e-20
3.55447438e-04,2.57808457e-20,2.57808465e-20
3.57500487e-04,2.54825059e-20,2.54825066e-20
3.59565396e-04,2.51880365e-20,2.51880373e-20
3.61642231e-04,2.48973835e-20,2.48973843e-20
3.63731062e-04,2.46104934e-20,2.46104941e-20
3.65831957e-04,2.43273134e-20,2.43273141e-20
3.67944988e-04,2.40477915e-20,2.40477923e-20
3.70070223e-04,2.37718768e-20,2.37718775e-20
3.72207734e-04,2.34995186e-20,2.34995193e-20
3.74357590e-04,2.32306672e-20,2.32306680e-20
3.76519865e-04,2.29652737e-20,2.29652745e-20
3.78694628e-04,2.27032897e-20,2.27032905e-20
3.80881953e-04,2.24446677e-20,2.24446685e-20
3.83081912e-04,2.21893608e-20,2.21893615e-20
3.85294577e-04,2.19373226e-20,2.19373234e-20
3.87520023e-04,2.16885077e-20,2.16885085e-20
3.89758323e-04,2.14428711e-20,2.14428719e-20
3.92009551e-04,2.12003685e-20,2.12003693e-20
3.94273782e-04,2.09609564e-20,2.09609572e-20
3.96551091e-04,2.07245918e-20,2.07245926e-20
3.98841554e-04,2.04912322e-20,2.04912330e-20
4.01145247e-04,2.02608360e-20,2.02608368e-20
4.03462246e-04,2.00333618e-20,2.00333627e-20
4.05792627e-04,1.98087693e-20,1.98087701e-20
4.08136469e-04,1.95870184e-20,1.95870193e-20
4.10493848e-04,1.93680698e-20,1.93680706e-20
4.12864844e-04,1.91518845e-20,1.91518853e-20
4.15249535e-04,1.89384243e-20,1.89384251e-20
4.17647999e-04,1.87276516e-20,1.87276524e-20
4.20060317e-04,1.85195290e-20,1.85195299e-20
4.22486568e-04,1.83140201e-20,1.83140209e-20
4.24926834e-04,1.81110887e-20,1.81110895e-20
4.27381194e-04,1.79106991e-20,1.79107000e-20
4.29849730e-04,1.77128165e-20,1.77128173e-20
4.32332525e-04,1.75174061e-20,1.75174069e-20
4.34829660e-04,1.73244339e-20,1.73244347e-20
4.37341218e-04,1.71338664e-20,1.71338672e-20
4.39867283e-04,1.69456704e-20,1.69456712e-20
4.42407939e-04,1.67598134e-20,1.67598143e-20
4.44963269e-04,1.65762632e-20,1.65762641e-20
4.47533359e-04,1.63949882e-20,1.63949891e-20
4.50118293e-04,1.62159572e-20,1.62159580e-20
4.52718158e-04,1.60391393e-20,1.60391401e-20
4.55333040e-04,1.58645043e-20,1.58645051e-20
4.57963025e-04,1.56920223e-20,1.56920231e-20
4.60608201e-04,1.55216638e-20,1.55216647e-20
4.63268655e-04,1.53533998e-20,1.53534007e-20
4.65944476e-04,1.51872018e-20,1.51872027e-20
4.68635752e-04,1.50230415e-20,1.50230424e-20
4.71342573e-04,1.48608912e-20,1.48608921e-20
4.74065029e-04,1.47007235e-20,1.47007243e-20
4.76803209e-04,1.45425113e-20,1.45425122e-20
4.79557205e-04,1.43862282e-20,1.43862290e-20
4.82327108e-04,1.42318478e-20,1.42318487e-20
4.85113010e-04,1.40793444e-20,1.40793453e-20
4.87915003e-04,1.39286926e-20,1.39286934e-20
4.90733180e-04,1.37798671e-20,1.37798680e-20
4.93567635e-04,1.36328433e-20,1.36328442e-20
4.96418461e-04,1.34875969e-20,1.34875978e-20
4.99285754e-04,1.33441038e-20,1.33441047e-20
5.02169608e-04,1.32023403e-20,1.32023412e-20
5.05070119e-04,1.30622832e-20,1.30622841e-20
5.07987384e-04,1.29239093e-20,1.29239102e-20
5.10921498e-04,1.27871961e-20,1.27871970e-20
5.13872560e-04,1.26521213e-20,1.26521222e-20
5.16840667e-04,1.25186627e-20,1.25186637e-20
5.19825918e-04,1.23867988e-20,1.23867998e-20
5.22828411e-04,1.22565082e-20,1.22565091e-20
5.25848247e-04,1.21277697e-20,1.21277706e-20
5.28885525e-04,1.20005627e-20,1.20005636e-20
5.31940346e-04,1.18748665e-20,1.18748675e-20
5.35012812e-04,1.17506612e-20,1.17506621e-20
5.38103024e-04,1.16279267e-20,1.16279277e-20
5.41211085e-04,1.15066436e-20,1.15066445e-20
5.44337098e-04,1.13867924e-20,1.13867933e-20
5.47481167e-04,1.12683542e-20,1.12683551e-20
5.50643396e-04,1.11513101e-20,1.11513111e-20
5.53823890e-04,1.10356418e-20,1.10356427e-20
5.57022754e-04,1.09213309e-20,1.09213319e-20
5.60240095e-04,1.08083595e-20,1.08083605e-20
5.63476019e-04,1.06967100e-20,1.06967110e-20
5.66730634e-04,1.05863648e-20,1.05863658e-20
5.70004047e-04,1.04773068e-20,1.04773077e-20
5.73296367e-04,1.03695190e-20,1.03695199e-20
5.76607703e-04,1.02629847e-20,1.02629856e-20
5.79938166e-04,1.01576874e-20,1.01576884e-20
5.83287865e-04,1.00536109e-20,1.00536119e-20
5.86656912e-04,9.95073928e-21,9.95074025e-21
5.90045419e-04,9.84905667e-21,9.84905764e-21
5.93453497e-04,9.74854756e-21,9.74854853e-21
5.96881260e-04,9.64919663e-21,9.64919760e-21
6.00328822e-04,9.55098878e-21,9.55098976e-21
6.03796297e-04,9.45390913e-21,9.45391011e-21
6.07283800e-04,9.35794301e-21,9.35794399e-21
6.10791446e-04,9.26307595e-21,9.26307694e-21
6.14319353e-04,9.16929371e-21,9.16929470e-21
6.17867636e-04,9.07658224e-21,9.07658323e-21
6.21436415e-04,8.98492768e-21,8.98492867e-21
6.25025806e-04,8.89431640e-21,8.89431739e-21
6.28635930e-04,8.80473492e-21,8.80473591e-21
6.32266905e-04,8.71616999e-21,8.71617098e-21
6.35918853e-04,8.62860853e-21,8.62860953e-21
6.39591895e-04,8.54203766e-21,8.54203866e-21
6.43286151e-04,8.45644468e-21,8.45644568e-21
6.47001746e-04,8.37181705e-21,8.37181805e-21
6.50738802e-04,8.28814244e-21,8.28814344e-21
6.54497443e-04,8.20540867e-21,8.20540968e-21
6.58277793e-04,8.12360375e-21,8.12360476e-21
6.62079979e-04,8.04271586e-21,8.04271687e-21
6.65904126e-04,7.96273333e-21,7.96273435e-21
6.69750361e-04,7.88364468e-21,7.88364570e-21
6.73618812e-04,7.80543857e-21,7.80543959e-21
6.77509607e-04,7.72810385e-21,7.72810487e-21
6.81422875e-04,7.65162949e-21,7.65163051e-21
6.85358746e-04,7.57600464e-21,7.57600567e-21
6.89317350e-04,7.50121861e-21,7.50121964e-21
6.93298819e-04,7.42726085e-21,7.42726188e-21
6.97303284e-04,7.35412095e-21,7.35412198e-21
7.01330880e-04,7.28178866e-21,7.28178969e-21
7.05381739e-04,7.21025388e-21,7.21025491e-21
7.09455995e-04,7.13950663e-21,7.13950767e-21
7.13553784e-04,7.06953710e-21,7.06953814e-21
7.17675241e-04,7.00033560e-21,7.00033664e-21
7.21820504e-04,6.93189257e-21,6.93189362e-21
7.25989710e-04,6.86419861e-21,6.86419965e-21
7.30182997e-04,6.79724442e-21,6.79724546e-21
7.34400504e-04,6.73102086e-21,6.73102190e-21
7.38642372e-04,6.66551889e-21,6.66551994e-21
7.42908740e-04,6.60072963e-21,6.60073068e-21
7.47199751e-04,6.53664429e-21,6.53664534e-21
7.51515546e-04,6.47325423e-21,6.47325529e-21
7.55856269e-04,6.41055092e-21,6.41055198e-21
7.60222064e-04,6.34852594e-21,6.34852700e-21
7.64613076e-04,6.28717101e-21,6.28717207e-21
7.69029450e-04,6.22647795e-21,6.22647901e-21
7.73471333e-04,6.16643869e-21,6.16643975e-21
7.77938872e-04,6.10704528e-21,6.10704635e-21
7.82432215e-04,6.04828989e-21,6.04829095e-21
7.86951512e-04,5.99016477e-21,5.99016584e-21
7.91496912e-04,5.93266232e-21,5.93266339e-21
7.96068566e-04,5.87577500e-21,5.87577607e-21
8.00666625e-04,5.81949541e-21,5.81949649e-21
8.05291243e-04,5.76381624e-21,5.76381732e-21
8.09942573e-04,5.70873028e-21,5.70873135e-21
8.14620768e-04,5.65423041e-21,5.65423148e-21
8.19325984e-04,5.60030962e-21,5.60031070e-21
8.24058378e-04,5.54696101e-21,5.54696209e-21
8.28818105e-04,5.49417774e-21,5.49417883e-21
8.33605325e-04,5.44195311e-21,5.44195419e-21
8.38420196e-04,5.39028046e-21,5.39028155e-21
8.43262876e-04,5.33915327e-21,5.33915436e-21
8.48133528e-04,5.28856508e-21,5.28856617e-21
8.53032313e-04,5.23850952e-21,5.23851061e-21
8.57959393e-04,5.18898033e-21,5.18898142e-21
8.62914932e-04,5.13997131e-21,5.13997240e-21
8.67899093e-04,5.09147635e-21,5.09147745e-21
8.72912043e-04,5.04348944e-21,5.04349054e-21
8.77953947e-04,4.99600464e-21,4.99600574e-21
8.83024974e-04,4.94901609e-21,4.94901719e-21
8.88125290e-04,4.90251800e-21,4.90251911e-21
8.93255066e-04,4.85650469e-21,4.85650579e-21
8.98414471e-04,4.81097053e-21,4.81097163e-21
9.03603676e-04,4.76590997e-21,4.76591107e-21
9.08822854e-04,4.72131754e-21,4.72131865e-21
9.14072178e-04,4.67718785e-21,4.67718896e-21
9.19351821e-04,4.63351558e-21,4.63351669e-21
9.24661960e-04,4.59029547e-21,4.59029658e-21
9.30002770e-04,4.54752234e-21,4.54752345e-21
9.35374428e-04,4.50519109e-21,4.50519221e-21
9.40777113e-04,4.46329667e-21,4.46329779e-21
9.46211003e-04,4.42183412e-21,4.42183524e-21
9.51676279e-04,4.38079852e-21,4.38079964e-21
9.57173123e-04,4.34018504e-21,4.34018616e-21
9.62701716e-04,4.29998890e-21,4.29999002e-21
9.68262242e-04,4.26020540e-21,4.26020652e-21
9.73854885e-04,4.22082987e-21,4.22083100e-21
9.79479831e-04,4.18185775e-21,4.18185888e-21
9.85137267e-04,4.14328451e-21,4.14328563e-21
9.90827380e-04,4.10510567e-21,4.10510680e-21
9.96550358e-04,4.06731685e-21,4.06731798e-21
1.00230639e-03,4.02991370e-21,4.02991483e-21
1.00809567e-03,3.99289192e-21,3.99289305e-21
1.01391839e-03,3.95624729e-21,3.95624843e-21
1.01977474e-03,3.91997564e-21,3.91997678e-21
1.02566492e-03,3.88407285e-21,3.88407399e-21
1.03158912e-03,3.84853486e-21,3.84853600e-21
1.03754754e-03,3.81335766e-21,3.81335879e-21
1.04354037e-03,3.77853728e-21,3.77853842e-21
1.04956782e-03,3.74406984e-21,3.74407098e-21
1.05563008e-03,3.70995147e-21,3.70995261e-21
1.06172735e-03,3.67617838e-21,3.67617953e-21
1.06785985e-03,3.64274682e-21,3.64274796e-21
1.07402776e-03,3.60965308e-21,3.60965423e-21
1.08023130e-03,3.57689352e-21,3.57689467e-21
1.08647068e-03,3.54446452e-21,3.54446567e-21
1.09274609e-03,3.51236254e-21,3.51236369e-21
1.09905774e-03,3.48058406e-21,3.48058521e-21
1.10540586e-03,3.44912563e-21,3.44912678e-21
1.11179064e-03,3.41798381e-21,3.41798496e-21
1.11821229e-03,3.38715524e-21,3.38715640e-21
1.12467104e-03,3.35663659e-21,3.35663775e-21
1.13116710e-03,3.32642458e-21,3.32642574e-21
1.13770067e-03,3.29651596e-21,3.29651712e-21
1.14427198e-03,3.26690753e-21,3.26690869e-21
1.15088125e-03,3.23759613e-21,3.23759729e-21
1.15752869e-03,3.20857866e-21,3.20857982e-21
1.16421453e-03,3.17985202e-21,3.17985318e-21
1.17093899e-03,3.15141319e-21,3.15141435e-21
1.17770229e-03,3.12325917e-21,3.12326033e-21
1.18450465e-03,3.09538700e-21,3.09538816e-21
1.19134630e-03,3.06779376e-21,3.06779493e-21
1.19822746e-03,3.04047658e-21,3.04047774e-21
1.20514838e-03,3.01343260e-21,3.01343377e-21
1.21210927e-03,2.98665903e-21,2.98666019e-21
1.21911036e-03,2.96015308e-21,2.96015425e-21
1.22615189e-03,2.93391204e-21,2.93391321e-21
1.23323409e-03,2.90793319e-21,2.90793436e-21
1.24035720e-03,2.88221388e-21,2.88221506e-21
1.24752146e-03,2.85675148e-21,2.85675265e-21
1.25472709e-03,2.83154339e-21,2.83154457e-21
1.26197434e-03,2.80658705e-21,2.80658823e-21
1.26926345e-03,2.78187993e-21,2.78188111e-21
1.27659467e-03,2.75741954e-21,2.75742072e-21
1.28396823e-03,2.73320342e-21,2.73320459e-21
1.29138438e-03,2.70922912e-21,2.70923030e-21
1.29884336e-03,2.68549426e-21,2.68549544e-21
1.30634543e-03,2.66199646e-21,2.66199764e-21
1.31389082e-03,2.63873339e-21,2.63873456e-21
1.32147980e-03,2.61570273e-21,2.61570391e-21
1.32911262e-03,2.59290221e-21,2.59290339e-21
1.33678952e-03,2.57032958e-21,2.57033076e-21
1.34451076e-03,2.54798262e-21,2.54798380e-21
1.35227660e-03,2.52585914e-21,2.52586032e-21
1.36008729e-03,2.50395697e-21,2.50395816e-21
1.36794310e-03,2.48227399e-21,2.48227517e-21
1.37584429e-03,2.46080807e-21,2.46080926e-21
1.38379111e-03,2.43955715e-21,2.43955834e-21
1.39178383e-03,2.41851917e-21,2.41852036e-21
1.39982271e-03,2.39769210e-21,2.39769329e-21
1.40790803e-03,2.37707395e-21,2.37707513e-21
1.41604005e-03,2.35666272e-21,2.35666391e-21
1.42421904e-03,2.33645649e-21,2.33645768e-21
1.43244527e-03,2.31645332e-21,2.31645451e-21
1.44071902e-03,2.29665131e-21,2.29665250e-21
1.44904055e-03,2.27704859e-21,2.27704978e-21
1.45741015e-03,2.25764330e-21,2.25764449e-21
1.46582810e-03,2.23843363e-21,2.23843482e-21
1.47429466e-03,2.21941776e-21,2.21941895e-21
1.48281012e-03,2.20059391e-21,2.20059511e-21
1.49137478e-03,2.18196034e-21,2.18196153e-21
1.49998890e-03,2.16351530e-21,2.16351650e-21
1.50865277e-03,2.14525709e-21,2.14525828e-21
1.51736669e-03,2.12718401e-21,2.12718520e-21
1.52613094e-03,2.10929439e-21,2.10929558e-21
1.53494581e-03,2.09158659e-21,2.09158779e-21
1.54381159e-03,2.07405899e-21,2.07406018e-21
1.55272858e-03,2.05670998e-21,2.05671117e-21
1.56169708e-03,2.03953797e-21,2.03953916e-21
1.57071738e-03,2.02254140e-21,2.02254260e-21
1.57978978e-03,2.00571874e-21,2.00571994e-21
1.58891458e-03,1.98906846e-21,1.98906965e-21
1.59809209e-03,1.97258905e-21,1.97259024e-21
1.60732260e-03,1.95627903e-21,1.95628023e-21
1.61660643e-03,1.94013694e-21,1.94013814e-21
1.62594388e-03,1.92416134e-21,1.92416254e-21
1.63533527e-03,1.90835079e-21,1.90835199e-21
1.64478090e-03,1.89270389e-21,1.89270509e-21
1.65428109e-03,1.87721925e-21,1.87722045e-21
1.66383615e-03,1.86189550e-21,1.86189670e-21
1.67344640e-03,1.84673129e-21,1.84673248e-21
1.68311216e-03,1.83172527e-21,1.83172647e-21
1.69283374e-03,1.81687613e-21,1.81687733e-21
1.70261148e-03,1.80218257e-21,1.80218377e-21
1.71244570e-03,1.78764330e-21,1.78764450e-21
1.72233671e-03,1.77325706e-21,1.77325826e-21
1.73228486e-03,1.75902259e-21,1.75902379e-21
1.74229047e-03,1.74493866e-21,1.74493986e-21
1.75235387e-03,1.73100405e-21,1.73100525e-21
1.76247539e-03,1.71721755e-21,1.71721875e-21
1.77265538e-03,1.70357798e-21,1.70357918e-21
1.78289416e-03,1.69008417e-21,1.69008537e-21
1.79319209e-03,1.67673496e-21,1.67673616e-21
1.80354949e-03,1.66352920e-21,1.66353040e-21
1.81396672e-03,1.65046577e-21,1.65046697e-21
1.82444412e-03,1.63754356e-21,1.63754476e-21
1.83498203e-03,1.62476146e-21,1.62476266e-21
1.84558081e-03,1.61211840e-21,1.61211960e-21
1.85624081e-03,1.59961330e-21,1.59961450e-21
1.86696238e-03,1.58724511e-21,1.58724631e-21
1.87774588e-03,1.57501278e-21,1.57501398e-21
1.88859167e-03,1.56291529e-21,1.56291648e-21
1.89950010e-03,1.55095161e-21,1.55095281e-21
1.91047153e-03,1.53912075e-21,1.53912195e-21
1.92150634e-03,1.52742171e-21,1.52742291e-21
1.93260488e-03,1.51585352e-21,1.51585471e-21
1.94376753e-03,1.50441521e-21,1.50441640e-21
1.95499465e-03,1.49310582e-21,1.49310702e-21
1.96628662e-03,1.48192442e-21,1.48192562e-21
1.97764381e-03,1.47087008e-21,1.47087127e-21
1.98906660e-03,1.45994188e-21,1.45994307e-21
2.00055537e-03,1.44913890e-21,1.44914009e-21
2.01211049e-03,1.43846027e-21,1.43846146e-21
2.02373236e-03,1.42790508e-21,1.42790627e-21
2.03542136e-03,1.41747248e-21,1.41747367e-21
2.04717787e-03,1.40716159e-21,1.40716278e-21
2.05900228e-03,1.39697157e-21,1.39697276e-21
2.07089500e-03,1.38690157e-21,1.38690276e-21
2.08285640e-03,1.37695077e-21,1.37695195e-21
2.09488690e-03,1.36711833e-21,1.36711951e-21
2.10698688e-03,1.35740345e-21,1.35740463e-21
2.11915675e-03,1.34780532e-21,1.34780650e-21
2.13139691e-03,1.33832316e-21,1.33832434e-21
2.14370777e-03,1.32895618e-21,1.32895736e-21
2.15608974e-03,1.31970360e-21,1.31970477e-21
2.16854323e-03,1.31056465e-21,1.31056583e-21
2.18106865e-03,1.30153859e-21,1.30153976e-21
2.19366641e-03,1.29262465e-21,1.29262583e-21
2.20633694e-03,1.28382211e-21,1.28382328e-21
2.21908065e-03,1.27513022e-21,1.27513140e-21
2.23189797e-03,1.26654827e-21,1.26654944e-21
2.24478932e-03,1.25807553e-21,1.25807669e-21
2.25775513e-03,1.24971129e-21,1.24971246e-21
2.27079584e-03,1.24145485e-21,1.24145602e-21
2.28391186e-03,1.23330552e-21,1.23330669e-21
2.29710364e-03,1.22526261e-21,1.22526377e-21
2.31037162e-03,1.21732543e-21,1.21732659e-21
2.32371623e-03,1.20949331e-21,1.20949447e-21
2.33713792e-03,1.20176558e-21,1.20176674e-21
2.35063714e-03,1.19414158e-21,1.19414274e-21
2.36421432e-03,1.18662066e-21,1.18662181e-21
2.37786993e-03,1.17920215e-21,1.17920330e-21
2.39160441e-03,1.17188541e-21,1.17188656e-21
2.40541821e-03,1.16466981e-21,1.16467096e-21
2.41931181e-03,1.15755470e-21,1.15755585e-21
2.43328566e-03,1.15053947e-21,1.15054062e-21
2.44734022e-03,1.14362348e-21,1.14362462e-21
2.46147596e-03,1.13680611e-21,1.13680725e-21
2.47569334e-03,1.13008675e-21,1.13008789e-21
2.48999284e-03,1.12346478e-21,1.12346592e-21
2.50437494e-03,1.11693961e-21,1.11694075e-21
2.51884011e-03,1.11051062e-21,1.11051175e-21
2.53338883e-03,1.10417721e-21,1.10417835e-21
2.54802158e-03,1.09793880e-21,1.09793993e-21
2.56273885e-03,1.09179478e-21,1.09179591e-21
2.57754112e-03,1.08574457e-21,1.08574570e-21
2.59242890e-03,1.07978759e-21,1.07978871e-21
2.60740266e-03,1.07392324e-21,1.07392436e-21
2.62246291e-03,1.06815096e-21,1.06815208e-21
2.63761015e-03,1.06247015e-21,1.06247127e-21
2.65284488e-03,1.05688026e-21,1.05688137e-21
2.66816760e-03,1.05138069e-21,1.05138180e-21
2.68357883e-03,1.04597089e-21,1.04597200e-21
2.69907907e-03,1.04065029e-21,1.04065140e-21
2.71466884e-03,1.03541832e-21,1.03541942e-21
2.73034866e-03,1.03027442e-21,1.03027552e-21
2.74611904e-03,1.02521801e-21,1.02521911e-21
2.76198051e-03,1.02024855e-21,1.02024964e-21
2.77793360e-03,1.01536547e-21,1.01536656e-21
2.79397883e-03,1.01056821e-21,1.01056930e-21
2.81011674e-03,1.00585622e-21,1.00585731e-21
2.82634786e-03,1.00122894e-21,1.00123002e-21
2.84267273e-03,9.96685807e-22,9.96686887e-22
2.85909189e-03,9.92226277e-22,9.92227354e-22
2.87560589e-03,9.87849793e-22,9.87850867e-22
2.89221527e-03,9.83555801e-22,9.83556872e-22
2.90892059e-03,9.79343749e-22,9.79344817e-22
2.92572240e-03,9.75213085e-22,9.75214149e-22
2.94262125e-03,9.71163256e-22,9.71164317e-22
2.95961771e-03,9.67193712e-22,9.67194770e-22
2.97671234e-03,9.63303901e-22,9.63304955e-22
2.99390571e-03,9.59493272e-22,9.59494323e-22
3.01119839e-03,9.55761275e-22,9.55762323e-22
3.02859095e-03,9.52107358e-22,9.52108402e-22
3.04608397e-03,9.48530971e-22,9.48532012e-22
3.06367803e-03,9.45031563e-22,9.45032600e-22
3.08137371e-03,9.41608582e-22,9.41609616e-22
3.09917159e-03,9.38261479e-22,9.38262509e-22
3.11707228e-03,9.34989701e-22,9.34990728e-22
3.13507637e-03,9.31792698e-22,9.31793721e-22
3.15318444e-03,9.28669918e-22,9.28670937e-22
3.17139710e-03,9.25620809e-22,9.25621824e-22
3.18971496e-03,9.22644819e-22,9.22645831e-22
3.20813863e-03,9.19741397e-22,9.19742405e-22
3.22666871e-03,9.16909990e-22,9.16910994e-22
3.24530581e-03,9.14150046e-22,9.14151046e-22
3.26405057e-03,9.11461012e-22,9.11462008e-22
3.28290359e-03,9.08842335e-22,9.08843328e-22
3.30186551e-03,9.06293464e-22,9.06294452e-22
3.32093695e-03,9.03813844e-22,9.03814828e-22
3.34011855e-03,9.01402923e-22,9.01403903e-22
3.35941094e-03,8.99060148e-22,8.99061124e-22
3.37881476e-03,8.96784966e-22,8.96785939e-22
3.39833065e-03,8.94576824e-22,8.94577793e-22
3.41795927e-03,8.92435171e-22,8.92436135e-22
3.43770127e-03,8.90359452e-22,8.90360413e-22
3.45755729e-03,8.88349117e-22,8.88350073e-22
3.47752800e-03,8.86403613e-22,8.86404565e-22
3.49761406e-03,8.84522389e-22,8.84523337e-22
3.51781614e-03,8.82704894e-22,8.82705838e-22
3.53813490e-03,8.80950578e-22,8.80951518e-22
3.55857102e-03,8.79258891e-22,8.79259827e-22
3.57912518e-03,8.77629284e-22,8.77630216e-22
3.59979806e-03,8.76061209e-22,8.76062136e-22
3.62059035e-03,8.74554118e-22,8.74555041e-22
3.64150273e-03,8.73107466e-22,8.73108384e-22
3.66253591e-03,8.71720707e-22,8.71721621e-22
3.68369056e-03,8.70393296e-22,8.70394207e-22
3.70496741e-03,8.69124693e-22,8.69125599e-22
3.72636715e-03,8.67914355e-22,8.67915256e-22
3.74789050e-03,8.66761742e-22,8.66762639e-22
3.76953816e-03,8.65666316e-22,8.65667209e-22
3.79131086e-03,8.64627541e-22,8.64628429e-22
3.81320932e-03,8.63644882e-22,8.63645766e-22
3.83523426e-03,8.62717806e-22,8.62718686e-22
3.85738641e-03,8.61845782e-22,8.61846658e-22
3.87966652e-03,8.61028283e-22,8.61029154e-22
3.90207532e-03,8.60264781e-22,8.60265648e-22
3.92461355e-03,8.59554752e-22,8.59555615e-22
3.94728195e-03,8.58897676e-22,8.58898535e-22
3.97008129e-03,8.58293032e-22,8.58293887e-22
3.99301232e-03,8.57740305e-22,8.57741155e-22
4.01607580e-03,8.57238982e-22,8.57239827e-22
4.03927249e-03,8.56788550e-22,8.56789392e-22
4.06260316e-03,8.56388504e-22,8.56389341e-22
4.08606859e-03,8.56038338e-22,8.56039171e-22
4.10966956e-03,8.55737550e-22,8.55738379e-22
4.13340684e-03,8.55485644e-22,8.55486468e-22
4.15728123e-03,8.55282124e-22,8.55282944e-22
4.18129352e-03,8.55126499e-22,8.55127315e-22
4.20544450e-03,8.55018282e-22,8.55019093e-22
4.22973498e-03,8.54956988e-22,8.54957796e-22
4.25416575e-03,8.54942138e-22,8.54942941e-22
4.27873764e-03,8.54973256e-22,8.54974055e-22
4.30345146e-03,8.55049869e-22,8.55050664e-22
4.32830802e-03,8.55171509e-22,8.55172300e-22
4.35330815e-03,8.55337712e-22,8.55338499e-22
4.37845268e-03,8.55548019e-22,8.55548801e-22
4.40374244e-03,8.55801973e-22,8.55802751e-22
4.42917828e-03,8.56099124e-22,8.56099899e-22
4.45476103e-03,8.56439025e-22,8.56439796e-22
4.48049155e-03,8.56821235e-22,8.56822001e-22
4.50637069e-03,8.57245314e-22,8.57246076e-22
4.53239930e-03,8.57710831e-22,8.57711589e-22
4.55857826e-03,8.58217358e-22,8.58218112e-22
4.58490842e-03,8.58764470e-22,8.58765220e-22
4.61139066e-03,8.59351749e-22,8.59352496e-22
4.63802587e-03,8.59978783e-22,8.59979525e-22
4.66481492e-03,8.60645161e-22,8.60645900e-22
4.69175870e-03,8.61350481e-22,8.61351216e-22
4.71885811e-03,8.62094343e-22,8.62095074e-22
4.74611404e-03,8.62876355e-22,8.62877082e-22
4.77352740e-03,8.63696127e-22,8.63696851e-22
4.80109910e-03,8.64553277e-22,8.64553997e-22
4.82883005e-03,8.65447426e-22,8.65448142e-22
4.85672118e-03,8.66378202e-22,8.66378914e-22
4.88477340e-03,8.67345238e-22,8.67345946e-22
4.91298765e-03,8.68348170e-22,8.68348874e-22
4.94136487e-03,8.69386642e-22,8.69387343e-22
4.96990599e-03,8.70460302e-22,8.70461000e-22
4.99861197e-03,8.71568806e-22,8.71569500e-22
5.02748375e-03,8.72711810e-22,8.72712501e-22
5.05652229e-03,8.73888982e-22,8.73889669e-22
5.08572856e-03,8.75099989e-22,8.75100673e-22
5.11510352e-03,8.76344509e-22,8.76345189e-22
5.14464815e-03,8.77622222e-22,8.77622898e-22
5.17436343e-03,8.78932814e-22,8.78933487e-22
5.20425034e-03,8.80275977e-22,8.80276647e-22
5.23430988e-03,8.81651410e-22,8.81652076e-22
5.26454304e-03,8.83058814e-22,8.83059477e-22
5.29495082e-03,8.84497897e-22,8.84498557e-22
5.32553424e-03,8.85968375e-22,8.85969032e-22
5.35629431e-03,8.87469965e-22,8.87470619e-22
5.38723205e-03,8.89002393e-22,8.89003044e-22
5.41834848e-03,8.90565389e-22,8.90566036e-22
5.44964464e-03,8.92158688e-22,8.92159332e-22
5.48112157e-03,8.93782032e-22,8.93782673e-22
5.51278030e-03,8.95435166e-22,8.95435804e-22
5.54462190e-03,8.97117843e-22,8.97118478e-22
5.57664741e-03,8.98829820e-22,8.98830453e-22
5.60885790e-03,9.00570860e-22,9.00571489e-22
5.64125443e-03,9.02340730e-22,9.02341357e-22
5.67383809e-03,9.04139204e-22,9.04139828e-22
5.70660995e-03,9.05966061e-22,9.05966681e-22
5.73957109e-03,9.07821084e-22,9.07821702e-22
5.77272262e-03,9.09704062e-22,9.09704678e-22
5.80606563e-03,9.11614791e-22,9.11615404e-22
5.83960123e-03,9.13553070e-22,9.13553680e-22
5.87333053e-03,9.15518704e-22,9.15519311e-22
5.90725465e-03,9.17511502e-22,9.17512107e-22
5.94137471e-03,9.19531281e-22,9.19531883e-22
5.97569185e-03,9.21577861e-22,9.21578460e-22
6.01020720e-03,9.23651066e-22,9.23651663e-22
6.04492192e-03,9.25750729e-22,9.25751323e-22
6.07983714e-03,9.27876684e-22,9.27877276e-22
6.11495403e-03,9.30028772e-22,9.30029362e-22
6.15027376e-03,9.32206840e-22,9.32207427e-22
6.18579749e-03,9.34410737e-22,9.34411322e-22
6.22152640e-03,9.36640319e-22,9.36640902e-22
6.25746169e-03,9.38895447e-22,9.38896027e-22
6.29360453e-03,9.41175986e-22,9.41176564e-22
6.32995613e-03,9.43481807e-22,9.43482383e-22
6.36651770e-03,9.45812785e-22,9.45813358e-22
6.40329045e-03,9.48168799e-22,9.48169370e-22
6.44027559e-03,9.50549734e-22,9.50550303e-22
6.47747436e-03,9.52955480e-22,9.52956047e-22
6.51488799e-03,9.55385930e-22,9.55386496e-22
6.55251772e-03,9.57840985e-22,9.57841548e-22
6.59036480e-03,9.60320546e-22,9.60321107e-22
6.62843047e-03,9.62824523e-22,9.62825082e-22
6.66671602e-03,9.65352827e-22,9.65353384e-22
6.70522270e-03,9.67905376e-22,9.67905931e-22
6.74395179e-03,9.70482092e-22,9.70482646e-22
6.78290458e-03,9.73082902e-22,9.73083453e-22
6.82208237e-03,9.75707735e-22,9.75708284e-22
6.86148644e-03,9.78356527e-22,9.78357075e-22
6.90111810e-03,9.81029217e-22,9.81029764e-22
6.94097868e-03,9.83725751e-22,9.83726295e-22
6.98106949e-03,9.86446075e-22,9.86446618e-22
7.02139186e-03,9.89190143e-22,9.89190684e-22
7.06194714e-03,9.91957912e-22,9.91958451e-22
7.10273666e-03,9.94749343e-22,9.94749881e-22
7.14376177e-03,9.97564401e-22,9.97564937e-22
7.18502385e-03,1.00040306e-21,1.00040359e-21
7.22652426e-03,1.00326528e-21,1.00326582e-21
7.26826437e-03,1.00615106e-21,1.00615159e-21
7.31024557e-03,1.00906037e-21,1.00906090e-21
7.35246925e-03,1.01199320e-21,1.01199373e-21
7.39493681e-03,1.01494954e-21,1.01495006e-21
7.43764966e-03,1.01792938e-21,1.01792990e-21
7.48060922e-03,1.02093272e-21,1.02093324e-21
7.52381692e-03,1.02395957e-21,1.02396009e-21
7.56727418e-03,1.02700993e-21,1.02701045e-21
7.61098245e-03,1.03008382e-21,1.03008434e-21
7.65494317e-03,1.03318124e-21,1.03318176e-21
7.69915781e-03,1.03630222e-21,1.03630274e-21
7.74362783e-03,1.03944678e-21,1.03944730e-21
7.78835471e-03,1.04261495e-21,1.04261546e-21
7.83333993e-03,1.04580675e-21,1.04580726e-21
7.87858499e-03,1.04902223e-21,1.04902274e-21
7.92409137e-03,1.05226141e-21,1.05226193e-21
7.96986060e-03,1.05552435e-21,1.05552486e-21
8.01589419e-03,1.05881109e-21,1.05881160e-21
8.06219367e-03,1.06212168e-21,1.06212219e-21
8.10876057e-03,1.06545617e-21,1.06545668e-21
8.15559644e-03,1.06881462e-21,1.06881513e-21
8.20270284e-03,1.07219709e-21,1.07219760e-21
8.25008132e-03,1.07560365e-21,1.07560416e-21
8.29773345e-03,1.07903437e-21,1.07903487e-21
8.34566082e-03,1.08248931e-21,1.08248982e-21
8.39386502e-03,1.08596856e-21,1.08596907e-21
8.44234764e-03,1.08947220e-21,1.08947270e-21
8.49111030e-03,1.09300031e-21,1.09300081e-21
8.54015460e-03,1.09655297e-21,1.09655348e-21
8.58948219e-03,1.10013029e-21,1.10013079e-21
8.63909469e-03,1.10373235e-21,1.10373285e-21
8.68899375e-03,1.10735925e-21,1.10735975e-21
8.73918102e-03,1.11101111e-21,1.11101160e-21
8.78965818e-03,1.11468801e-21,1.11468851e-21
8.84042688e-03,1.11839008e-21,1.11839057e-21
8.89148883e-03,1.12211742e-21,1.12211792e-21
8.94284571e-03,1.12587016e-21,1.12587066e-21
8.99449922e-03,1.12964842e-21,1.12964891e-21
9.04645108e-03,1.13345231e-21,1.13345281e-21
9.09870302e-03,1.13728198e-21,1.13728247e-21
9.15125675e-03,1.14113754e-21,1.14113804e-21
9.20411404e-03,1.14501915e-21,1.14501964e-21
9.25727663e-03,1.14892693e-21,1.14892742e-21
9.31074628e-03,1.15286103e-21,1.15286152e-21
9.36452477e-03,1.15682160e-21,1.15682209e-21
9.41861389e-03,1.16080879e-21,1.16080928e-21
9.47301542e-03,1.16482275e-21,1.16482324e-21
9.52773117e-03,1.16886364e-21,1.16886413e-21
9.58276296e-03,1.17293162e-21,1.17293211e-21
9.63811261e-03,1.17702687e-21,1.17702735e-21
9.69378195e-03,1.18114954e-21,1.18115002e-21
9.74977284e-03,1.18529981e-21,1.18530030e-21
9.80608713e-03,1.18947786e-21,1.18947834e-21
9.86272669e-03,1.19368386e-21,1.19368435e-21
9.91969340e-03,1.19791801e-21,1.19791850e-21
9.97698915e-03,1.20218049e-21,1.20218098e-21
1.00346158e-02,1.20647149e-21,1.20647198e-21
1.00925754e-02,1.21079121e-21,1.21079170e-21
1.01508697e-02,1.21513985e-21,1.21514033e-21
1.02095007e-02,1.21951760e-21,1.21951809e-21
1.02684703e-02,1.22392469e-21,1.22392517e-21
1.03277806e-02,1.22836131e-21,1.22836179e-21
1.03874334e-02,1.23282768e-21,1.23282816e-21
1.04474308e-02,1.23732402e-21,1.23732451e-21
1.05077748e-02,1.24185056e-21,1.24185104e-21
1.05684673e-02,1.24640751e-21,1.24640800e-21
1.06295103e-02,1.25099512e-21,1.25099560e-21
1.06909059e-02,1.25561360e-21,1.25561409e-21
1.07526561e-02,1.26026321e-21,1.26026369e-21
1.08147630e-02,1.26494418e-21,1.26494466e-21
1.08772287e-02,1.26965676e-21,1.26965724e-21
1.09400551e-02,1.27440119e-21,1.27440168e-21
1.10032444e-02,1.27917774e-21,1.27917822e-21
1.10667987e-02,1.28398666e-21,1.28398714e-21
1.11307201e-02,1.28882820e-21,1.28882868e-21
1.11950107e-02,1.29370264e-21,1.29370313e-21
1.12596726e-02,1.29861025e-21,1.29861074e-21
1.13247080e-02,1.30355130e-21,1.30355178e-21
1.13901191e-02,1.30852607e-21,1.30852655e-21
1.14559079e-02,1.31353483e-21,1.31353532e-21
1.15220768e-02,1.31857788e-21,1.31857837e-21
1.15886278e-02,1.32365551e-21,1.32365599e-21
1.16555633e-02,1.32876801e-21,1.32876849e-21
1.17228853e-02,1.33391568e-21,1.33391616e-21
1.17905962e-02,1.33909881e-21,1.33909930e-21
1.18586983e-02,1.34431773e-21,1.34431821e-21
1.19271936e-02,1.34957274e-21,1.34957322e-21
1.19960846e-02,1.35486415e-21,1.35486464e-21
1.20653735e-02,1.36019230e-21,1.36019278e-21
1.21350626e-02,1.36555749e-21,1.36555797e-21
1.22051542e-02,1.37096006e-21,1.37096054e-21
1.22756507e-02,1.37640034e-21,1.37640082e-21
1.23465544e-02,1.38187867e-21,1.38187915e-21
1.24178676e-02,1.38739539e-21,1.38739588e-21
1.24895927e-02,1.39295086e-21,1.39295134e-21
1.25617320e-02,1.39854541e-21,1.39854589e-21
1.26342881e-02,1.40417940e-21,1.40417989e-21
1.27072632e-02,1.40985320e-21,1.40985369e-21
1.27806599e-02,1.41556717e-21,1.41556766e-21
1.28544804e-02,1.42132168e-21,1.42132216e-21
1.29287274e-02,1.42711710e-21,1.42711758e-21
1.30034032e-02,1.43295381e-21,1.43295429e-21
1.30785103e-02,1.43883219e-21,1.43883268e-21
1.31540513e-02,1.44475264e-21,1.44475312e-21
1.32300285e-02,1.45071554e-21,1.45071602e-21
1.33064446e-02,1.45672129e-21,1.45672177e-21
1.33833021e-02,1.46277030e-21,1.46277078e-21
1.34606035e-02,1.46886296e-21,1.46886345e-21
1.35383514e-02,1.47499970e-21,1.47500019e-21
1.36165484e-02,1.48118093e-21,1.48118142e-21
1.36951970e-02,1.48740708e-21,1.48740757e-21
1.37742999e-02,1.49367856e-21,1.49367905e-21
1.38538597e-02,1.49999582e-21,1.49999630e-21
1.39338790e-02,1.50635928e-21,1.50635977e-21
1.40143606e-02,1.51276939e-21,1.51276988e-21
1.40953069e-02,1.51922660e-21,1.51922709e-21
1.41767209e-02,1.52573136e-21,1.52573185e-21
1.42586050e-02,1.53228413e-21,1.53228462e-21
1.43409621e-02,1.53888537e-21,1.53888586e-21
1.44237949e-02,1.54553555e-21,1.54553603e-21
1.45071062e-02,1.55223513e-21,1.55223562e-21
1.45908987e-02,1.55898461e-21,1.55898510e-21
1.46751751e-02,1.56578447e-21,1.56578496e-21
1.47599383e-02,1.57263518e-21,1.57263567e-21
1.48451911e-02,1.57953726e-21,1.57953775e-21
1.49309363e-02,1.58649119e-21,1.58649168e-21
1.50171768e-02,1.59349750e-21,1.59349799e-21
1.51039154e-02,1.60055667e-21,1.60055716e-21
1.51911550e-02,1.60766924e-21,1.60766973e-21
1.52788985e-02,1.61483573e-21,1.61483622e-21
1.53671488e-02,1.62205666e-21,1.62205716e-21
1.54559088e-02,1.62933258e-21,1.62933307e-21
1.55451815e-02,1.63666401e-21,1.63666450e-21
1.56349699e-02,1.64405150e-21,1.64405200e-21
1.57252768e-02,1.65149562e-21,1.65149611e-21
1.58161054e-02,1.65899690e-21,1.65899740e-21
1.59074586e-02,1.66655593e-21,1.66655642e-21
1.59993394e-02,1.67417326e-21,1.67417375e-21
1.60917509e-02,1.68184947e-21,1.68184996e-21
1.61846962e-02,1.68958514e-21,1.68958564e-21
1.62781784e-02,1.69738087e-21,1.69738136e-21
1.63722005e-02,1.70523724e-21,1.70523773e-21
1.64667656e-02,1.71315485e-21,1.71315535e-21
1.65618770e-02,1.72113432e-21,1.72113481e-21
1.66575377e-02,1.72917624e-21,1.72917674e-21
1.67537510e-02,1.73728125e-21,1.73728174e-21
1.68505200e-02,1.74544996e-21,1.74545046e-21
1.69478479e-02,1.75368301e-21,1.75368351e-21
1.70457380e-02,1.76198103e-21,1.76198153e-21
1.71441935e-02,1.77034468e-21,1.77034517e-21
1.72432176e-02,1.77877459e-21,1.77877509e-21
1.73428137e-02,1.78727143e-21,1.78727193e-21
1.74429851e-02,1.79583586e-21,1.79583636e-21
1.75437351e-02,1.80446856e-21,1.80446905e-21
1.76450670e-02,1.81317019e-21,1.81317069e-21
1.77469842e-02,1.82194145e-21,1.82194194e-21
1.78494900e-02,1.83078302e-21,1.83078351e-21
1.79525880e-02,1.83969560e-21,1.83969610e-21
1.80562814e-02,1.84867990e-21,1.84868039e-21
1.81605737e-02,1.85773662e-21,1.85773712e-21
1.82654685e-02,1.86686650e-21,1.86686700e-21
1.83709691e-02,1.87607024e-21,1.87607074e-21
1.84770790e-02,1.88534860e-21,1.88534909e-21
1.85838019e-02,1.89470229e-21,1.89470279e-21
1.86911412e-02,1.90413208e-21,1.90413258e-21
1.87991005e-02,1.91363872e-21,1.91363922e-21
1.89076833e-02,1.92322296e-21,1.92322346e-21
1.90168933e-02,1.93288558e-21,1.93288608e-21
1.91267341e-02,1.94262736e-21,1.94262786e-21
1.92372093e-02,1.95244907e-21,1.95244957e-21
1.93483227e-02,1.96235152e-21,1.96235202e-21
1.94600778e-02,1.97233549e-21,1.97233599e-21
1.95724784e-02,1.98240179e-21,1.98240229e-21
1.96855283e-02,1.99255125e-21,1.99255175e-21
1.97992311e-02,2.00278467e-21,2.00278517e-21
1.99135906e-02,2.01310290e-21,2.01310340e-21
2.00286107e-02,2.02350676e-21,2.02350726e-21
2.01442952e-02,2.03399711e-21,2.03399761e-21
2.02606478e-02,2.04457479e-21,2.04457529e-21
2.03776725e-02,2.05524067e-21,2.05524117e-21
2.04953731e-02,2.06599562e-21,2.06599612e-21
2.06137535e-02,2.07684051e-21,2.07684101e-21
2.07328177e-02,2.08777623e-21,2.08777674e-21
2.08525696e-02,2.09880368e-21,2.09880418e-21
2.09730132e-02,2.10992375e-21,2.10992426e-21
2.10941525e-02,2.12113736e-21,2.12113787e-21
2.12159914e-02,2.13244543e-21,2.13244593e-21
2.13385342e-02,2.14384887e-21,2.14384938e-21
2.14617847e-02,2.15534864e-21,2.15534914e-21
2.15857471e-02,2.16694567e-21,2.16694617e-21
2.17104254e-02,2.17864091e-21,2.17864141e-21
2.18358240e-02,2.19043533e-21,2.19043583e-21
2.19619468e-02,2.20232990e-21,2.20233040e-21
2.20887981e-02,2.21432559e-21,2.21432609e-21
2.22163821e-02,2.22642340e-21,2.22642390e-21
2.23447030e-02,2.23862431e-21,2.23862482e-21
2.24737651e-02,2.25092935e-21,2.25092985e-21
2.26035727e-02,2.26333952e-21,2.26334002e-21
2.27341300e-02,2.27585584e-21,2.27585634e-21
2.28654414e-02,2.28847935e-21,2.28847985e-21
2.29975113e-02,2.30121109e-21,2.30121160e-21
2.31303440e-02,2.31405212e-21,2.31405262e-21
2.32639439e-02,2.32700349e-21,2.32700399e-21
2.33983155e-02,2.34006628e-21,2.34006678e-21
2.35334632e-02,2.35324156e-21,2.35324206e-21
2.36693915e-02,2.36653042e-21,2.36653093e-21
2.38061050e-02,2.37993397e-21,2.37993447e-21
2.39436081e-02,2.39345331e-21,2.39345382e-21
2.40819054e-02,2.40708957e-21,2.40709007e-21
2.42210015e-02,2.42084386e-21,2.42084437e-21
2.43609010e-02,2.43471734e-21,2.43471784e-21
2.45016086e-02,2.44871114e-21,2.44871164e-21
2.46431289e-02,2.46282642e-21,2.46282693e-21
2.47854666e-02,2.47706436e-21,2.47706487e-21
2.49286264e-02,2.49142614e-21,2.49142664e-21
2.50726131e-02,2.50591294e-21,2.50591344e-21
2.52174315e-02,2.52052596e-21,2.52052646e-21
2.53630864e-02,2.53526641e-21,2.53526691e-21
2.55095825e-02,2.55013552e-21,2.55013602e-21
2.56569249e-02,2.56513451e-21,2.56513501e-21
2.58051182e-02,2.58026462e-21,2.58026512e-21
2.59541675e-02,2.59552711e-21,2.59552762e-21
2.61040777e-02,2.61092325e-21,2.61092375e-21
2.62548538e-02,2.62645430e-21,2.62645480e-21
2.64065008e-02,2.64212155e-21,2.64212205e-21
2.65590237e-02,2.65792630e-21,2.65792680e-21
2.67124275e-02,2.67386985e-21,2.67387035e-21
2.68667174e-02,2.68995353e-21,2.68995403e-21
2.70218985e-02,2.70617866e-21,2.70617916e-21
2.71779759e-02,2.72254658e-21,2.72254708e-21
2.73349547e-02,2.73905865e-21,2.73905915e-21
2.74928403e-02,2.75571623e-21,2.75571673e-21
2.76516379e-02,2.77252070e-21,2.77252120e-21
2.78113526e-02,2.78947344e-21,2.78947394e-21
2.79719898e-02,2.80657585e-21,2.80657635e-21
2.81335549e-02,2.82382936e-21,2.82382985e-21
2.82960532e-02,2.84123536e-21,2.84123586e-21
2.84594900e-02,2.85879532e-21,2.85879582e-21
2.86238709e-02,2.87651066e-21,2.87651116e-21
2.87892012e-02,2.89438286e-21,2.89438336e-21
2.89554864e-02,2.91241338e-21,2.91241388e-21
2.91227322e-02,2.93060371e-21,2.93060421e-21
2.92909439e-02,2.94895535e-21,2.94895584e-21
2.94601272e-02,2.96746980e-21,2.96747029e-21
2.96302877e-02,2.98614859e-21,2.98614908e-21
2.98014310e-02,3.00499325e-21,3.00499375e-21
2.99735629e-02,3.02400533e-21,3.02400583e-21
3.01466889e-02,3.04318640e-21,3.04318690e-21
3.03208150e-02,3.06253803e-21,3.06253853e-21
3.04959468e-02,3.08206180e-21,3.08206230e-21
3.06720901e-02,3.10175932e-21,3.10175982e-21
3.08492509e-02,3.12163221e-21,3.12163270e-21
3.10274349e-02,3.14168208e-21,3.14168257e-21
3.12066481e-02,3.16191058e-21,3.16191108e-21
3.13868964e-02,3.18231938e-21,3.18231987e-21
3.15681859e-02,3.20291013e-21,3.20291062e-21
3.17505224e-02,3.22368452e-21,3.22368501e-21
3.19339121e-02,3.24464425e-21,3.24464474e-21
3.21183611e-02,3.26579103e-21,3.26579152e-21
3.23038755e-02,3.28712658e-21,3.28712708e-21
3.24904613e-02,3.30865266e-21,3.30865315e-21
3.26781249e-02,3.33037100e-21,3.33037149e-21
3.28668724e-02,3.35228339e-21,3.35228388e-21
3.30567102e-02,3.37439160e-21,3.37439209e-21
3.32476444e-02,3.39669745e-21,3.39669794e-21
3.34396814e-02,3.41920273e-21,3.41920322e-21
3.36328276e-02,3.44190928e-21,3.44190977e-21
3.38270895e-02,3.46481895e-21,3.46481944e-21
3.40224734e-02,3.48793359e-21,3.48793408e-21
3.42189858e-02,3.51125509e-21,3.51125557e-21
3.44166333e-02,3.53478533e-21,3.53478581e-21
3.46154223e-02,3.55852622e-21,3.55852670e-21
3.48153596e-02,3.58247968e-21,3.58248017e-21
3.50164517e-02,3.60664766e-21,3.60664814e-21
3.52187053e-02,3.63103211e-21,3.63103259e-21
3.54221271e-02,3.65563499e-21,3.65563548e-21
3.56267239e-02,3.68045831e-21,3.68045879e-21
3.58325024e-02,3.70550406e-21,3.70550454e-21
3.60394695e-02,3.73077426e-21,3.73077475e-21
3.62476320e-02,3.75627096e-21,3.75627145e-21
3.64569968e-02,3.78199621e-21,3.78199669e-21
3.66675710e-02,3.80795208e-21,3.80795256e-21
3.68793614e-02,3.83414066e-21,3.83414114e-21
3.70923750e-02,3.86056406e-21,3.86056454e-21
3.73066191e-02,3.88722440e-21,3.88722488e-21
3.75221006e-02,3.91412382e-21,3.91412430e-21
3.77388267e-02,3.94126449e-21,3.94126497e-21
3.79568047e-02,3.96864859e-21,3.96864906e-21
3.81760416e-02,3.99627830e-21,3.99627878e-21
3.83965449e-02,4.02415585e-21,4.02415633e-21
3.86183218e-02,4.05228347e-21,4.05228394e-21
3.88413796e-02,4.08066340e-21,4.08066388e-21
3.90657258e-02,4.10929793e-21,4.10929841e-21
3.92913679e-02,4.13818934e-21,4.13818981e-21
3.95183132e-02,4.16733993e-21,4.16734041e-21
3.97465694e-02,4.19675205e-21,4.19675252e-21
3.99761440e-02,4.22642802e-21,4.22642850e-21
4.02070445e-02,4.25637023e-21,4.25637070e-21
4.04392788e-02,4.28658105e-21,4.28658153e-21
4.06728544e-02,4.31706290e-21,4.31706337e-21
4.09077792e-02,4.34781820e-21,4.34781867e-21
4.11440608e-02,4.37884940e-21,4.37884987e-21
4.13817073e-02,4.41015896e-21,4.41015943e-21
4.16207263e-02,4.44174937e-21,4.44174984e-21
4.18611259e-02,4.47362315e-21,4.47362362e-21
4.21029141e-02,4.50578282e-21,4.50578328e-21
4.23460988e-02,4.53823093e-21,4.53823139e-21
4.25906882e-02,4.57097005e-21,4.57097052e-21
4.28366902e-02,4.60400278e-21,4.60400325e-21
4.30841132e-02,4.63733174e-21,4.63733221e-21
4.33329653e-02,4.67095956e-21,4.67096002e-21
4.35832548e-02,4.70488890e-21,4.70488936e-21
4.38349899e-02,4.73912244e-21,4.73912290e-21
4.40881790e-02,4.77366289e-21,4.77366335e-21
4.43428305e-02,4.80851297e-21,4.80851343e-21
4.45989529e-02,4.84367544e-21,4.84367590e-21
4.48565546e-02,4.87915306e-21,4.87915352e-21
4.51156443e-02,4.91494863e-21,4.91494909e-21
4.53762304e-02,4.95106498e-21,4.95106544e-21
4.56383216e-02,4.98750494e-21,4.98750540e-21
4.59019267e-02,5.02427138e-21,5.02427184e-21
4.61670544e-02,5.06136720e-21,5.06136765e-21
4.64337134e-02,5.09879530e-21,5.09879576e-21
4.67019127e-02,5.13655863e-21,5.13655909e-21
4.69716610e-02,5.17466015e-21,5.17466061e-21
4.72429674e-02,5.21310286e-21,5.21310331e-21
4.75158409e-02,5.25188976e-21,5.25189021e-21
4.77902904e-02,5.29102390e-21,5.29102435e-21
4.80663252e-02,5.33050834e-21,5.33050879e-21
4.83439543e-02,5.37034618e-21,5.37034663e-21
4.86231871e-02,5.41054052e-21,5.41054097e-21
4.89040326e-02,5.45109452e-21,5.45109497e-21
4.91865003e-02,5.49201135e-21,5.49201180e-21
4.94705995e-02,5.53329420e-21,5.53329464e-21
4.97563397e-02,5.57494629e-21,5.57494674e-21
5.00437303e-02,5.61697088e-21,5.61697133e-21
5.03327808e-02,5.65937125e-21,5.65937169e-21
5.06235009e-02,5.70215069e-21,5.70215114e-21
5.09159002e-02,5.74531255e-21,5.74531300e-21
5.12099884e-02,5.78886019e-21,5.78886064e-21
5.15057752e-02,5.83279700e-21,5.83279744e-21
5.18032705e-02,5.87712640e-21,5.87712684e-21
5.21024840e-02,5.92185183e-21,5.92185227e-21
5.24034259e-02,5.96697678e-21,5.96697722e-21
5.27061059e-02,6.01250474e-21,6.01250518e-21
5.30105342e-02,6.05843926e-21,6.05843970e-21
5.33167209e-02,6.10478391e-21,6.10478435e-21
5.36246761e-02,6.15154227e-21,6.15154271e-21
5.39344101e-02,6.19871799e-21,6.19871842e-21
5.42459330e-02,6.24631470e-21,6.24631514e-21
5.45592553e-02,6.29433611e-21,6.29433655e-21
5.48743874e-02,6.34278594e-21,6.34278637e-21
5.51913396e-02,6.39166793e-21,6.39166836e-21
5.55101225e-02,6.44098586e-21,6.44098629e-21
5.58307468e-02,6.49074357e-21,6.49074400e-21
5.61532229e-02,6.54094488e-21,6.54094531e-21
5.64775616e-02,6.59159369e-21,6.59159412e-21
5.68037737e-02,6.64269390e-21,6.64269433e-21
5.71318700e-02,6.69424947e-21,6.69424990e-21
5.74618613e-02,6.74626438e-21,6.74626480e-21
5.77937587e-02,6.79874263e-21,6.79874306e-21
5.81275731e-02,6.85168828e-21,6.85168870e-21
5.84633156e-02,6.90510541e-21,6.90510583e-21
5.88009973e-02,6.95899814e-21,6.95899856e-21
5.91406295e-02,7.01337062e-21,7.01337104e-21
5.94822234e-02,7.06822704e-21,7.06822746e-21
5.98257903e-02,7.12357162e-21,7.12357204e-21
6.01713416e-02,7.17940862e-21,7.17940904e-21
6.05188888e-02,7.23574234e-21,7.23574276e-21
6.08684435e-02,7.29257712e-21,7.29257753e-21
6.12200171e-02,7.34991731e-21,7.34991773e-21
6.15736214e-02,7.40776733e-21,7.40776775e-21
6.19292682e-02,7.46613163e-21,7.46613204e-21
6.22869691e-02,7.52501468e-21,7.52501509e-21
6.26467361e-02,7.58442101e-21,7.58442142e-21
6.30085811e-02,7.64435517e-21,7.64435558e-21
6.33725161e-02,7.70482177e-21,7.70482218e-21
6.37385532e-02,7.76582543e-21,7.76582585e-21
6.41067045e-02,7.82737085e-21,7.82737126e-21
6.44769822e-02,7.88946274e-21,7.88946314e-21
6.48493986e-02,7.95210584e-21,7.95210625e-21
6.52239661e-02,8.01530497e-21,8.01530538e-21
6.56006971e-02,8.07906496e-21,8.07906537e-21
6.59796040e-02,8.14339070e-21,8.14339110e-21
6.63606995e-02,8.20828709e-21,8.20828750e-21
6.67439962e-02,8.27375912e-21,8.27375952e-21
6.71295068e-02,8.33981179e-21,8.33981219e-21
6.75172441e-02,8.40645014e-21,8.40645054e-21
6.79072210e-02,8.47367927e-21,8.47367967e-21
6.82994503e-02,8.54150432e-21,8.54150472e-21
6.86939452e-02,8.60993047e-21,8.60993087e-21
6.90907186e-02,8.67896294e-21,8.67896334e-21
6.94897838e-02,8.74860700e-21,8.74860740e-21
6.98911540e-02,8.81886798e-21,8.81886838e-21
7.02948424e-02,8.88975123e-21,8.88975162e-21
7.07008626e-02,8.96126215e-21,8.96126255e-21
7.11092279e-02,9.03340621e-21,9.03340660e-21
7.15199519e-02,9.10618890e-21,9.10618929e-21
7.19330482e-02,9.17961577e-21,9.17961616e-21
7.23485306e-02,9.25369241e-21,9.25369280e-21
7.27664127e-02,9.32842447e-21,9.32842486e-21
7.31867086e-02,9.40381764e-21,9.40381803e-21
7.36094320e-02,9.47987766e-21,9.47987805e-21
7.40345971e-02,9.55661033e-21,9.55661071e-21
7.44622179e-02,9.63402147e-21,9.63402186e-21
7.48923087e-02,9.71211698e-21,9.71211737e-21
7.53248836e-02,9.79090281e-21,9.79090319e-21
7.57599571e-02,9.87038493e-21,9.87038532e-21
7.61975435e-02,9.95056940e-21,9.95056979e-21
7.66376574e-02,1.00314623e-20,1.00314627e-20
7.70803134e-02,1.01130698e-20,1.01130702e-20
7.75255261e-02,1.01953981e-20,1.01953985e-20
7.79733104e-02,1.02784534e-20,1.02784538e-20
7.84236811e-02,1.03622421e-20,1.03622425e-20
7.88766531e-02,1.04467705e-20,1.04467709e-20
7.93322414e-02,1.05320451e-20,1.05320454e-20
7.97904612e-02,1.06180722e-20,1.06180726e-20
8.02513277e-02,1.07048585e-20,1.07048588e-20
8.07148561e-02,1.07924104e-20,1.07924108e-20
8.11810618e-02,1.08807348e-20,1.08807352e-20
8.16499603e-02,1.09698382e-20,1.09698385e-20
8.21215672e-02,1.10597274e-20,1.10597277e-20
8.25958980e-02,1.11504092e-20,1.11504096e-20
8.30729685e-02,1.12418905e-20,1.12418909e-20
8.35527946e-02,1.13341783e-20,1.13341786e-20
8.40353922e-02,1.14272794e-20,1.14272798e-20
8.45207772e-02,1.15212011e-20,1.15212014e-20
8.50089657e-02,1.16159503e-20,1.16159507e-20
8.54999741e-02,1.17115343e-20,1.17115347e-20
8.59938184e-02,1.18079603e-20,1.18079606e-20
8.64905152e-02,1.19052356e-20,1.19052359e-20
8.69900809e-02,1.20033675e-20,1.20033679e-20
8.74925321e-02,1.21023635e-20,1.21023639e-20
8.79978854e-02,1.22022311e-20,1.22022315e-20
8.85061576e-02,1.23029779e-20,1.23029782e-20
8.90173656e-02,1.24046113e-20,1.24046117e-20
8.95315262e-02,1.25071392e-20,1.25071396e-20
9.00486567e-02,1.26105693e-20,1.26105697e-20
9.05687741e-02,1.27149094e-20,1.27149098e-20
9.10918956e-02,1.28201674e-20,1.28201677e-20
9.16180387e-02,1.29263512e-20,1.29263516e-20
9.21472208e-02,1.30334689e-20,1.30334692e-20
9.26794594e-02,1.31415285e-20,1.31415289e-20
9.32147722e-02,1.32505383e-20,1.32505386e-20
9.37531769e-02,1.33605064e-20,1.33605067e-20
9.42946914e-02,1.34714412e-20,1.34714415e-20
9.48393337e-02,1.35833509e-20,1.35833513e-20
9.53871219e-02,1.36962442e-20,1.36962446e-20
9.59380740e-02,1.38101295e-20,1.38101298e-20
9.64922084e-02,1.39250154e-20,1.39250157e-20
9.70495435e-02,1.40409105e-20,1.40409108e-20
9.76100977e-02,1.41578236e-20,1.41578240e-20
9.81738896e-02,1.42757636e-20,1.42757639e-20
9.87409380e-02,1.43947393e-20,1.43947396e-20
9.93112617e-02,1.45147596e-20,1.45147600e-20
9.98848795e-02,1.46358338e-20,1.46358341e-20
1.00461810e-01,1.47579708e-20,1.47579711e-20
1.01042074e-01,1.48811798e-20,1.48811802e-20
1.01625689e-01,1.50054703e-20,1.50054706e-20
1.02212675e-01,1.51308515e-20,1.51308518e-20
1.02803051e-01,1.52573329e-20,1.52573332e-20
1.03396837e-01,1.53849239e-20,1.53849243e-20
1.03994053e-01,1.55136344e-20,1.55136347e-20
1.04594718e-01,1.56434738e-20,1.56434741e-20
1.05198853e-01,1.57744521e-20,1.57744524e-20
1.05806477e-01,1.59065790e-20,1.59065793e-20
1.06417611e-01,1.60398645e-20,1.60398649e-20
1.07032275e-01,1.61743187e-20,1.61743190e-20
1.07650489e-01,1.63099517e-20,1.63099520e-20
1.08272274e-01,1.64467737e-20,1.64467740e-20
1.08897650e-01,1.65847949e-20,1.65847952e-20
1.09526639e-01,1.67240259e-20,1.67240262e-20
1.10159260e-01,1.68644769e-20,1.68644773e-20
1.10795536e-01,1.70061588e-20,1.70061591e-20
1.11435486e-01,1.71490820e-20,1.71490823e-20
1.12079133e-01,1.72932573e-20,1.72932576e-20
1.12726497e-01,1.74386956e-20,1.74386960e-20
1.13377601e-01,1.75854079e-20,1.75854082e-20
1.14032465e-01,1.77334051e-20,1.77334054e-20
1.14691112e-01,1.78826984e-20,1.78826987e-20
1.15353564e-01,1.80332990e-20,1.80332994e-20
1.16019841e-01,1.81852183e-20,1.81852186e-20
1.16689967e-01,1.83384676e-20,1.83384680e-20
1.17363963e-01,1.84930586e-20,1.84930589e-20
1.18041853e-01,1.86490027e-20,1.86490030e-20
1.18723658e-01,1.88063117e-20,1.88063120e-20
1.19409401e-01,1.89649975e-20,1.89649978e-20
1.20099105e-01,1.91250720e-20,1.91250723e-20
1.20792792e-01,1.92865472e-20,1.92865475e-20
1.21490486e-01,1.94494352e-20,1.94494355e-20
1.22192211e-01,1.96137483e-20,1.96137486e-20
1.22897988e-01,1.97794988e-20,1.97794991e-20
1.23607842e-01,1.99466992e-20,1.99466995e-20
1.24321795e-01,2.01153620e-20,2.01153623e-20
1.25039873e-01,2.02855000e-20,2.02855003e-20
1.25762098e-01,2.04571258e-20,2.04571261e-20
1.26488495e-01,2.06302523e-20,2.06302526e-20
1.27219087e-01,2.08048927e-20,2.08048930e-20
1.27953900e-01,2.09810599e-20,2.09810602e-20
1.28692956e-01,2.11587672e-20,2.11587675e-20
1.29436282e-01,2.13380280e-20,2.13380283e-20
1.30183900e-01,2.15188556e-20,2.15188559e-20
1.30935837e-01,2.17012638e-20,2.17012641e-20
1.31692117e-01,2.18852661e-20,2.18852664e-20
1.32452766e-01,2.20708764e-20,2.20708767e-20
1.33217807e-01,2.22581087e-20,2.22581090e-20
1.33987268e-01,2.24469768e-20,2.24469771e-20
1.34761173e-01,2.26374952e-20,2.26374955e-20
1.35539548e-01,2.28296779e-20,2.28296782e-20
1.36322419e-01,2.30235395e-20,2.30235398e-20
1.37109812e-01,2.32190945e-20,2.32190948e-20
1.37901752e-01,2.34163576e-20,2.34163579e-20
1.38698267e-01,2.36153435e-20,2.36153438e-20
1.39499383e-01,2.38160672e-20,2.38160675e-20
1.40305126e-01,2.40185437e-20,2.40185440e-20
1.41115522e-01,2.42227883e-20,2.42227886e-20
1.41930600e-01,2.44288162e-20,2.44288165e-20
1.42750385e-01,2.46366430e-20,2.46366432e-20
1.43574906e-01,2.48462841e-20,2.48462843e-20
1.44404188e-01,2.50577553e-20,2.50577555e-20
1.45238261e-01,2.52710724e-20,2.52710727e-20
1.46077151e-01,2.54862515e-20,2.54862518e-20
1.46920887e-01,2.57033087e-20,2.57033090e-20
1.47769496e-01,2.59222603e-20,2.59222606e-20
1.48623007e-01,2.61431226e-20,2.61431229e-20
1.49481447e-01,2.63659123e-20,2.63659125e-20
1.50344846e-01,2.65906459e-20,2.65906462e-20
1.51213232e-01,2.68173405e-20,2.68173407e-20
1.52086633e-01,2.70460128e-20,2.70460131e-20
1.52965079e-01,2.72766802e-20,2.72766805e-20
1.53848599e-01,2.75093599e-20,2.75093602e-20
1.54737223e-01,2.77440693e-20,2.77440696e-20
1.55630979e-01,2.79808260e-20,2.79808263e-20
1.56529897e-01,2.82196477e-20,2.82196480e-20
1.57434007e-01,2.84605524e-20,2.84605527e-20
1.58343339e-01,2.87035581e-20,2.87035583e-20
1.59257924e-01,2.89486829e-20,2.89486832e-20
1.60177791e-01,2.91959453e-20,2.91959456e-20
1.61102972e-01,2.94453638e-20,2.94453641e-20
1.62033496e-01,2.96969571e-20,2.96969573e-20
1.62969395e-01,2.99507439e-20,2.99507442e-20
1.63910699e-01,3.02067434e-20,3.02067437e-20
1.64857441e-01,3.04649747e-20,3.04649749e-20
1.65809651e-01,3.07254571e-20,3.07254573e-20
1.66767361e-01,3.09882101e-20,3.09882104e-20
1.67730602e-01,3.12532535e-20,3.12532537e-20
1.68699407e-01,3.15206070e-20,3.15206073e-20
1.69673808e-01,3.17902907e-20,3.17902910e-20
1.70653837e-01,3.20623248e-20,3.20623251e-20
1.71639527e-01,3.23367296e-20,3.23367299e-20
1.72630910e-01,3.26135257e-20,3.26135260e-20
1.73628019e-01,3.28927339e-20,3.28927342e-20
1.74630887e-01,3.31743750e-20,3.31743752e-20
1.75639548e-01,3.34584700e-20,3.34584703e-20
1.76654035e-01,3.37450404e-20,3.37450406e-20
1.77674382e-01,3.40341074e-20,3.40341077e-20
1.78700622e-01,3.43256929e-20,3.43256931e-20
1.79732789e-01,3.46198185e-20,3.46198188e-20
1.80770918e-01,3.49165064e-20,3.49165066e-20
1.81815044e-01,3.52157786e-20,3.52157789e-20
1.82865200e-01,3.55176577e-20,3.55176579e-20
1.83921422e-01,3.58221662e-20,3.58221664e-20
1.84983745e-01,3.61293268e-20,3.61293271e-20
1.86052203e-01,3.64391627e-20,3.64391630e-20
1.87126833e-01,3.67516969e-20,3.67516972e-20
1.88207670e-01,3.70669529e-20,3.70669532e-20
1.89294750e-01,3.73849543e-20,3.73849545e-20
1.90388109e-01,3.77057248e-20,3.77057250e-20
1.91487783e-01,3.80292884e-20,3.80292887e-20
1.92593808e-01,3.83556694e-20,3.83556697e-20
1.93706222e-01,3.86848922e-20,3.86848925e-20
1.94825062e-01,3.90169814e-20,3.90169817e-20
1.95950363e-01,3.93519619e-20,3.93519621e-20
1.97082165e-01,3.96898587e-20,3.96898589e-20
1.98220503e-01,4.00306971e-20,4.00306973e-20
1.99365417e-01,4.03745026e-20,4.03745028e-20
2.00516943e-01,4.07213009e-20,4.07213011e-20
2.01675121e-01,4.10711179e-20,4.10711182e-20
2.02839988e-01,4.14239800e-20,4.14239802e-20
2.04011584e-01,4.17799133e-20,4.17799135e-20
2.05189946e-01,4.21389446e-20,4.21389448e-20
2.06375115e-01,4.25011007e-20,4.25011009e-20
2.07567129e-01,4.28664087e-20,4.28664089e-20
2.08766029e-01,4.32348959e-20,4.32348961e-20
2.09971853e-01,4.36065898e-20,4.36065901e-20
2.11184642e-01,4.39815184e-20,4.39815186e-20
2.12404436e-01,4.43597096e-20,4.43597098e-20
2.13631275e-01,4.47411917e-20,4.47411919e-20
2.14865201e-01,4.51259932e-20,4.51259934e-20
2.16106253e-01,4.55141429e-20,4.55141431e-20
2.17354474e-01,4.59056699e-20,4.59056701e-20
2.18609905e-01,4.63006033e-20,4.63006036e-20
2.19872587e-01,4.66989729e-20,4.66989731e-20
2.21142562e-01,4.71008082e-20,4.71008084e-20
2.22419872e-01,4.75061395e-20,4.75061397e-20
2.23704560e-01,4.79149969e-20,4.79149971e-20
2.24996669e-01,4.83274111e-20,4.83274113e-20
2.26296240e-01,4.87434129e-20,4.87434131e-20
2.27603318e-01,4.91630334e-20,4.91630336e-20
2.28917946e-01,4.95863040e-20,4.95863042e-20
2.30240166e-01,5.00132563e-20,5.00132565e-20
2.31570024e-01,5.04439222e-20,5.04439224e-20
2.32907563e-01,5.08783340e-20,5.08783342e-20
2.34252828e-01,5.13165241e-20,5.13165243e-20
2.35605863e-01,5.17585253e-20,5.17585255e-20
2.36966713e-01,5.22043706e-20,5.22043708e-20
2.38335423e-01,5.26540933e-20,5.26540936e-20
2.39712038e-01,5.31077272e-20,5.31077274e-20
2.41096605e-01,5.35653060e-20,5.35653062e-20
2.42489170e-01,5.40268640e-20,5.40268642e-20
2.43889777e-01,5.44924356e-20,5.44924359e-20
2.45298475e-01,5.49620558e-20,5.49620560e-20
2.46715309e-01,5.54357596e-20,5.54357598e-20
2.48140326e-01,5.59135823e-20,5.59135826e-20
2.49573575e-01,5.63955598e-20,5.63955600e-20
2.51015101e-01,5.68817280e-20,5.68817283e-20
2.52464954e-01,5.73721233e-20,5.73721235e-20
2.53923182e-01,5.78667824e-20,5.78667826e-20
2.55389832e-01,5.83657421e-20,5.83657423e-20
2.56864953e-01,5.88690398e-20,5.88690400e-20
2.58348594e-01,5.93767131e-20,5.93767133e-20
2.59840805e-01,5.98888000e-20,5.98888002e-20
2.61341635e-01,6.04053387e-20,6.04053389e-20
2.62851134e-01,6.09263678e-20,6.09263681e-20
2.64369351e-01,6.14519263e-20,6.14519265e-20
2.65896338e-01,6.19820534e-20,6.19820537e-20
2.67432144e-01,6.25167888e-20,6.25167890e-20
2.68976822e-01,6.30561724e-20,6.30561726e-20
2.70530421e-01,6.36002445e-20,6.36002448e-20
2.72092994e-01,6.41490458e-20,6.41490461e-20
2.73664592e-01,6.47026173e-20,6.47026175e-20
2.75245267e-01,6.52610004e-20,6.52610006e-20
2.76835073e-01,6.58242367e-20,6.58242369e-20
2.78434061e-01,6.63923684e-20,6.63923686e-20
2.80042284e-01,6.69654379e-20,6.69654381e-20
2.81659797e-01,6.75434881e-20,6.75434883e-20
2.83286653e-01,6.81265620e-20,6.81265623e-20
2.84922905e-01,6.87147034e-20,6.87147036e-20
2.86568608e-01,6.93079561e-20,6.93079563e-20
2.88223817e-01,6.99063645e-20,6.99063647e-20
2.89888586e-01,7.05099733e-20,7.05099735e-20
2.91562970e-01,7.11188275e-20,7.11188277e-20
2.93247026e-01,7.17329727e-20,7.17329729e-20
2.94940809e-01,7.23524548e-20,7.23524550e-20
2.96644375e-01,7.29773200e-20,7.29773202e-20
2.98357781e-01,7.36076150e-20,7.36076152e-20
3.00081084e-01,7.42433869e-20,7.42433871e-20
3.01814340e-01,7.48846833e-20,7.48846835e-20
3.03557607e-01,7.55315519e-20,7.55315521e-20
3.05310943e-01,7.61840412e-20,7.61840414e-20
3.07074407e-01,7.68421999e-20,7.68422001e-20
3.08848056e-01,7.75060771e-20,7.75060773e-20
3.10631950e-01,7.81757225e-20,7.81757227e-20
3.12426148e-01,7.88511860e-20,7.88511862e-20
3.14230708e-01,7.95325182e-20,7.95325184e-20
3.16045692e-01,8.02197700e-20,8.02197702e-20
3.17871159e-01,8.09129926e-20,8.09129928e-20
3.19707170e-01,8.16122378e-20,8.16122380e-20
3.21553786e-01,8.23175580e-20,8.23175581e-20
3.23411067e-01,8.30290057e-20,8.30290059e-20
3.25279076e-01,8.37466341e-20,8.37466343e-20
3.27157875e-01,8.44704969e-20,8.44704971e-20
3.29047526e-01,8.52006480e-20,8.52006482e-20
3.30948091e-01,8.59371421e-20,8.59371423e-20
3.32859633e-01,8.66800342e-20,8.66800344e-20
3.34782217e-01,8.74293797e-20,8.74293799e-20
3.36715906e-01,8.81852346e-20,8.81852348e-20
3.38660763e-01,8.89476553e-20,8.89476555e-20
3.40616854e-01,8.97166989e-20,8.97166991e-20
3.42584243e-01,9.04924228e-20,9.04924229e-20
3.44562995e-01,9.12748848e-20,9.12748850e-20
3.46553177e-01,9.20641435e-20,9.20641437e-20
3.48554854e-01,9.28602577e-20,9.28602579e-20
3.50568093e-01,9.36632870e-20,9.36632872e-20
3.52592960e-01,9.44732914e-20,9.44732916e-20
3.54629523e-01,9.52903312e-20,9.52903314e-20
3.56677848e-01,9.61144677e-20,9.61144678e-20
3.58738005e-01,9.69457622e-20,9.69457624e-20
3.60810061e-01,9.77842769e-20,9.77842770e-20
3.62894085e-01,9.86300744e-20,9.86300746e-20
3.64990147e-01,9.94832179e-20,9.94832180e-20
3.67098315e-01,1.00343771e-19,1.00343771e-19
3.69218660e-01,1.01211798e-19,1.01211798e-19
3.71351252e-01,1.02087364e-19,1.02087364e-19
3.73496162e-01,1.02970534e-19,1.02970534e-19
3.75653460e-01,1.03861375e-19,1.03861375e-19
3.77823219e-01,1.04759951e-19,1.04759952e-19
3.80005511e-01,1.05666332e-19,1.05666332e-19
3.82200407e-01,1.06580584e-19,1.06580584e-19
3.84407981e-01,1.07502776e-19,1.07502776e-19
3.86628306e-01,1.08432977e-19,1.08432977e-19
3.88861456e-01,1.09371255e-19,1.09371255e-19
3.91107503e-01,1.10317682e-19,1.10317682e-19
3.93366525e-01,1.11272328e-19,1.11272328e-19
3.95638594e-01,1.12235263e-19,1.12235263e-19
3.97923786e-01,1.13206561e-19,1.13206561e-19
4.00222178e-01,1.14186293e-19,1.14186293e-19
4.02533845e-01,1.15174533e-19,1.15174533e-19
4.04858864e-01,1.16171354e-19,1.16171355e-19
4.07197312e-01,1.17176832e-19,1.17176832e-19
4.09549267e-01,1.18191040e-19,1.18191040e-19
4.11914807e-01,1.19214055e-19,1.19214056e-19
4.14294010e-01,1.20245954e-19,1.20245954e-19
4.16686955e-01,1.21286812e-19,1.21286813e-19
4.19093722e-01,1.22336709e-19,1.22336709e-19
4.21514391e-01,1.23395722e-19,1.23395722e-19
4.23949041e-01,1.24463930e-19,1.24463930e-19
4.26397753e-01,1.25541413e-19,1.25541413e-19
4.28860609e-01,1.26628252e-19,1.26628252e-19
4.31337691e-01,1.27724528e-19,1.27724528e-19
4.33829079e-01,1.28830323e-19,1.28830323e-19
4.36334859e-01,1.29945718e-19,1.29945718e-19
4.38855111e-01,1.31070798e-19,1.31070799e-19
4.41389920e-01,1.32205647e-19,1.32205647e-19
4.43939370e-01,1.33350349e-19,1.33350349e-19
4.46503546e-01,1.34504990e-19,1.34504990e-19
4.49082532e-01,1.35669655e-19,1.35669655e-19
4.51676415e-01,1.36844433e-19,1.36844433e-19
4.54285280e-01,1.38029410e-19,1.38029410e-19
4.56909213e-01,1.39224675e-19,1.39224675e-19
4.59548302e-01,1.40430317e-19,1.40430317e-19
4.62202634e-01,1.41646427e-19,1.41646427e-19
4.64872298e-01,1.42873095e-19,1.42873095e-19
4.67557381e-01,1.44110413e-19,1.44110413e-19
4.70257974e-01,1.45358473e-19,1.45358473e-19
4.72974165e-01,1.46617368e-19,1.46617368e-19
4.75706044e-01,1.47887192e-19,1.47887192e-19
4.78453703e-01,1.49168041e-19,1.49168041e-19
4.81217232e-01,1.50460009e-19,1.50460009e-19
4.83996723e-01,1.51763193e-19,1.51763194e-19
4.86792268e-01,1.53077691e-19,1.53077692e-19
4.89603961e-01,1.54403601e-19,1.54403601e-19
4.92431893e-01,1.55741021e-19,1.55741021e-19
4.95276160e-01,1.57090052e-19,1.57090052e-19
4.98136855e-01,1.58450794e-19,1.58450794e-19
5.01014073e-01,1.59823349e-19,1.59823349e-19
5.03907910e-01,1.61207819e-19,1.61207819e-19
5.06818461e-01,1.62604307e-19,1.62604308e-19
5.09745824e-01,1.64012919e-19,1.64012919e-19
5.12690095e-01,1.65433759e-19,1.65433759e-19
5.15651373e-01,1.66866932e-19,1.66866933e-19
5.18629754e-01,1.68312547e-19,1.68312548e-19
5.21625338e-01,1.69770711e-19,1.69770712e-19
5.24638225e-01,1.71241533e-19,1.71241534e-19
5.27668514e-01,1.72725123e-19,1.72725123e-19
5.30716306e-01,1.74221591e-19,1.74221591e-19
5.33781702e-01,1.75731050e-19,1.75731050e-19
5.36864803e-01,1.77253611e-19,1.77253611e-19
5.39965712e-01,1.78789389e-19,1.78789389e-19
5.43084532e-01,1.80338498e-19,1.80338498e-19
5.46221366e-01,1.81901054e-19,1.81901054e-19
5.49376319e-01,1.83477174e-19,1.83477174e-19
5.52549494e-01,1.85066975e-19,1.85066975e-19
5.55740997e-01,1.86670575e-19,1.86670576e-19
5.58950935e-01,1.88288096e-19,1.88288096e-19
5.62179413e-01,1.89919656e-19,1.89919657e-19
5.65426538e-01,1.91565379e-19,1.91565380e-19
5.68692419e-01,1.93225387e-19,1.93225387e-19
5.71977163e-01,1.94899804e-19,1.94899804e-19
5.75280880e-01,1.96588755e-19,1.96588755e-19
5.78603679e-01,1.98292366e-19,1.98292366e-19
5.81945670e-01,2.00010764e-19,2.00010764e-19
5.85306965e-01,2.01744078e-19,2.01744078e-19
5.88687674e-01,2.03492436e-19,2.03492437e-19
5.92087910e-01,2.05255970e-19,2.05255971e-19
5.95507786e-01,2.07034811e-19,2.07034812e-19
5.98947414e-01,2.08829092e-19,2.08829093e-19
6.02406910e-01,2.10638947e-19,2.10638947e-19
6.05886388e-01,2.12464511e-19,2.12464511e-19
6.09385963e-01,2.14305920e-19,2.14305920e-19
6.12905752e-01,2.16163312e-19,2.16163312e-19
6.16445870e-01,2.18036824e-19,2.18036825e-19
6.20006437e-01,2.19926599e-19,2.19926599e-19
6.23587568e-01,2.21832775e-19,2.21832775e-19
6.27189385e-01,2.23755496e-19,2.23755496e-19
6.30812005e-01,2.25694905e-19,2.25694905e-19
6.34455550e-01,2.27651147e-19,2.27651147e-19
6.38120139e-01,2.29624368e-19,2.29624368e-19
6.41805895e-01,2.31614715e-19,2.31614715e-19
6.45512940e-01,2.33622337e-19,2.33622337e-19
6.49241396e-01,2.35647383e-19,2.35647383e-19
6.52991388e-01,2.37690005e-19,2.37690006e-19
6.56763040e-01,2.39750356e-19,2.39750356e-19
6.60556476e-01,2.41828589e-19,2.41828589e-19
6.64371824e-01,2.43924859e-19,2.43924859e-19
6.68209208e-01,2.46039322e-19,2.46039322e-19
6.72068758e-01,2.48172137e-19,2.48172138e-19
6.75950599e-01,2.50323463e-19,2.50323464e-19
6.79854863e-01,2.52493461e-19,2.52493461e-19
6.83781677e-01,2.54682291e-19,2.54682292e-19
6.87731172e-01,2.56890119e-19,2.56890119e-19
6.91703479e-01,2.59117108e-19,2.59117108e-19
6.95698730e-01,2.61363425e-19,2.61363425e-19
6.99717058e-01,2.63629237e-19,2.63629237e-19
7.03758595e-01,2.65914714e-19,2.65914714e-19
7.07823476e-01,2.68220026e-19,2.68220026e-19
7.11911835e-01,2.70545345e-19,2.70545345e-19
7.16023809e-01,2.72890845e-19,2.72890845e-19
7.20159534e-01,2.75256701e-19,2.75256702e-19
7.24319146e-01,2.77643090e-19,2.77643090e-19
7.28502784e-01,2.80050189e-19,2.80050190e-19
7.32710586e-01,2.82478179e-19,2.82478179e-19
7.36942693e-01,2.84927241e-19,2.84927241e-19
7.41199244e-01,2.87397556e-19,2.87397556e-19
7.45480380e-01,2.89889311e-19,2.89889311e-19
7.49786245e-01,2.92402690e-19,2.92402690e-19
7.54116980e-01,2.94937882e-19,2.94937882e-19
7.58472728e-01,2.97495076e-19,2.97495076e-19
7.62853636e-01,3.00074462e-19,3.00074462e-19
7.67259848e-01,3.02676233e-19,3.02676233e-19
7.71691509e-01,3.05300583e-19,3.05300583e-19
7.76148768e-01,3.07947709e-19,3.07947709e-19
7.80631772e-01,3.10617807e-19,3.10617807e-19
7.85140669e-01,3.13311077e-19,3.13311078e-19
7.89675610e-01,3.16027721e-19,3.16027721e-19
7.94236744e-01,3.18767940e-19,3.18767941e-19
7.98824223e-01,3.21531940e-19,3.21531940e-19
8.03438199e-01,3.24319927e-19,3.24319927e-19
8.08078825e-01,3.27132108e-19,3.27132109e-19
8.12746256e-01,3.29968695e-19,3.29968695e-19
8.17440645e-01,3.32829897e-19,3.32829898e-19
8.22162149e-01,3.35715930e-19,3.35715930e-19
8.26910924e-01,3.38627009e-19,3.38627009e-19
8.31687128e-01,3.41563350e-19,3.41563350e-19
8.36490919e-01,3.44525173e-19,3.44525173e-19
8.41322457e-01,3.47512699e-19,3.47512699e-19
8.46181901e-01,3.50526151e-19,3.50526151e-19
8.51069413e-01,3.53565754e-19,3.53565754e-19
8.55985155e-01,3.56631735e-19,3.56631735e-19
8.60929291e-01,3.59724323e-19,3.59724323e-19
8.65901983e-01,3.62843748e-19,3.62843748e-19
8.70903398e-01,3.65990243e-19,3.65990244e-19
8.75933700e-01,3.69164044e-19,3.69164044e-19
8.80993058e-01,3.72365387e-19,3.72365387e-19
8.86081638e-01,3.75594511e-19,3.75594511e-19
8.91199609e-01,3.78851657e-19,3.78851658e-19
8.96347142e-01,3.82137069e-19,3.82137069e-19
9.01524407e-01,3.85450991e-19,3.85450991e-19
9.06731575e-01,3.88793670e-19,3.88793670e-19
9.11968820e-01,3.92165357e-19,3.92165358e-19
9.17236314e-01,3.95566303e-19,3.95566304e-19
9.22534234e-01,3.98996762e-19,3.98996762e-19
9.27862754e-01,4.02456990e-19,4.02456990e-19
9.33222052e-01,4.05947245e-19,4.05947245e-19
9.38612304e-01,4.09467787e-19,4.09467788e-19
9.44033691e-01,4.13018881e-19,4.13018881e-19
9.49486391e-01,4.16600789e-19,4.16600789e-19
9.54970586e-01,4.20213780e-19,4.20213781e-19
9.60486457e-01,4.23858124e-19,4.23858125e-19
9.66034188e-01,4.27534093e-19,4.27534093e-19
9.71613962e-01,4.31241960e-19,4.31241961e-19
9.77225965e-01,4.34982004e-19,4.34982004e-19
9.82870382e-01,4.38754502e-19,4.38754502e-19
9.88547401e-01,4.42559736e-19,4.42559736e-19
9.94257211e-01,4.46397991e-19,4.46397991e-19
1.00000000e+00,4.50269553e-19,4.50269553e-19
